date,rho_dcc,rho_adcc,sigma_tok,sigma_eq,h_cov_dcc
2023-02-07,0.028880222420058867,0.028880222420058867,6.4554691831218705,1.1062780679439066,0.20624937843725166
2023-02-08,0.028880222422057927,0.014498725009869196,4.988480881980126,1.061358887374664,0.15290831644565323
2023-02-09,0.028880569556670274,0.010331764467294021,13.94909322629392,1.0204020743409128,0.41107689108514645
2023-02-10,0.028879806891708566,-0.0056845406870656215,10.204831865361921,1.0021698206349672,0.2953530492274824
2023-02-13,0.02888022121072774,-0.012389550574966428,7.050131600461791,0.9637835829337922,0.19623535867899575
2023-02-14,0.02887825375467823,-0.040685742212910374,12.658962867929406,0.9379652298129751,0.3428907690753768
2023-02-15,0.028880127907039005,-0.039361666564724555,13.384482701729686,0.9031736913088466,0.34911779147953864
2023-02-16,0.028880211173970504,-0.025779915770066605,8.645075485612537,0.9074394771021332,0.2265618712686723
2023-02-17,0.028880152840269745,-0.02813110854740958,6.785753963609744,0.8757653425210445,0.17162689709279055
2023-02-21,0.028880216310288483,-0.029573050079864563,5.186828374271137,0.847588565275073,0.12696599157595656
2023-02-22,0.028880176380997317,-0.02945503318408014,4.307857596684912,0.8256421323899128,0.10271953072764098
2023-02-23,0.028880242072754757,-0.01651638197112962,3.6873070616983026,0.8131118917031571,0.08658854598107435
2023-02-24,0.028880160680674366,-0.021584281805662086,3.5556299070002133,0.7871467129085928,0.08082986284104866
2023-02-27,0.02888126641304928,0.2873690998189519,3.8999430026236035,0.7857077849004596,0.08849842645030777
2023-02-28,0.028880522488614477,0.22233526525526695,4.402574422139649,0.7665979706615341,0.09747189676062303
2023-03-01,0.028880241401045885,0.1625227053115753,3.772905521396505,0.7532789445912182,0.08207909842600651
2023-03-02,0.028881126493352283,0.12531074321617058,5.0772197716767025,0.749226761645847,0.10986348540014597
2023-03-03,0.02888009713065077,0.0800427433918786,4.981993066931645,0.7274084926252742,0.10465985665349836
2023-03-06,0.02888057732148992,0.053882232962119095,4.446591518987918,0.7799673223294213,0.10016350507063553
2023-03-07,0.028877562503922215,-0.012088378732191618,10.067925920351227,0.7673414125228059,0.2230946630654835
2023-03-08,0.028878315937841008,-0.023230498598596702,8.66175225470098,0.8625071497184733,0.2157447940937392
2023-03-09,0.028880225129062142,-0.023205053038749746,6.229363587646296,0.8335127450989178,0.1499534628345528
2023-03-10,0.028880174279094714,-0.024738490218826292,4.868267674098547,0.8598467746378641,0.12089137728691858
2023-03-13,0.028880059739113676,-0.026323958263624537,4.0424407096150015,1.0875278868854334,0.12696445366959014
2023-03-14,0.028879279024014316,-0.037180333396262366,3.8066217596344765,1.2896230472644774,0.14177147524306738
2023-03-15,0.028880090885899195,-0.036466630753913466,3.5995716824540676,1.2429432692603501,0.1292113574747502
2023-03-16,0.02887978517777092,-0.037997102361312186,3.7477407919340155,1.2118566950579037,0.13116403569551396
2023-03-17,0.02888032914015979,-0.03485532493145366,4.848578758014977,1.1615927141808082,0.16265614391434294
2023-03-20,0.028882715398018892,0.005949880596126889,5.510516779449575,1.4629366842268796,0.23283908304994191
2023-03-21,0.028880214593527926,-0.0045384895726876045,5.585924949216747,1.397945139355589,0.2255203000410397
2023-03-22,0.028880401397404866,0.052551804005495834,4.5890961546609335,1.4159641613082055,0.18766472374218846
2023-03-23,0.028880218641383917,0.03327830721038577,3.854072442101117,1.4534396795633084,0.1617772179798357
2023-03-24,0.02888069091524975,0.023981494422175596,4.00702682479695,1.446768065461989,0.16742825176614956
2023-03-27,0.028880235819880005,0.016118020159570447,3.4852656528865857,1.4108820208376935,0.14201274453660095
2023-03-28,0.02888023171223064,0.009342086953191144,3.1330531380331026,1.3709124764767628,0.12404468569591554
2023-03-29,0.02888281569887441,0.03629824753218552,17.69910914051395,1.3325397836166315,0.6811944804192798
2023-03-30,0.0288801914453052,0.019672889152581065,10.868790631925732,1.281840230009673,0.4023603602792132
2023-03-31,0.0288807562533068,0.014845973438894286,9.58673667597541,1.2563811454916014,0.347857018328337
2023-04-03,0.028880225315734528,0.004544643612344828,6.722409254160667,1.210995640189467,0.2351083779087774
2023-04-04,0.02888017899361654,-0.0061968075270383656,5.208015825443817,1.1785947086690491,0.17727057884196443
2023-04-05,0.028880144795400985,-0.01437851226024459,4.251397959899474,1.280392548437729,0.15720786297618772
2023-04-06,0.028880233563189826,-0.014954325405412246,3.703464392164898,1.2259282404668213,0.13112150462061237
2023-04-10,0.028880245981255177,-0.006327648506696553,3.2948677828297153,1.189441326995101,0.11318318311295063
2023-04-11,0.028879090101333417,-0.028414189402537295,4.676353706340109,1.157081064722721,0.15626245561275418
2023-04-12,0.028880186714779366,-0.030352153329143015,3.9530902684281592,1.1232036430183148,0.12823165031983516
2023-04-13,0.028880286781269613,-0.030298473387159425,3.6229320391727944,1.0860984253973252,0.11363990785934876
2023-04-14,0.02888042275692838,-0.027249728662550342,3.3965178865318766,1.1272127116414878,0.11057153276342238
2023-04-17,0.02888025706764189,0.002546740488214329,3.0859941377739295,1.1647093236550718,0.10380390784255787
2023-04-18,0.02887621092965819,-0.03586463483551878,20.664051762239318,1.124633889800971,0.6710684992372155
2023-04-19,0.028880222715359366,-0.035524180490747403,12.004664580153198,1.0829060939379531,0.3754407128076385
2023-04-20,0.02888021377655146,-0.03360321142460647,7.969298423046443,1.0477805185549502,0.241151969366611
2023-04-21,0.028880223427000497,-0.03371552515619037,5.843173652068497,1.011037912126869,0.17061483211436207
2023-04-24,0.028880079115049796,-0.028939515124007685,4.773419880820351,1.004108247104521,0.13842309337602896
2023-04-25,0.02888020822335623,-0.03012753585151208,4.015493302762875,0.9673242763220412,0.11217893514226435
2023-04-26,0.02888047434732975,-0.027047702173889326,4.145847687662337,0.9415333201193286,0.11273359554842768
2023-04-27,0.028880116405409783,-0.027723889338670878,3.714373795558885,0.9184065978115453,0.09851889706314167
2023-04-28,0.028880226117396084,-0.027728674322182068,3.29525642863334,0.8851251441703398,0.08423536912396822
2023-05-01,0.028880225997735657,-0.027919161926792533,3.017366440821626,0.8537615860623988,0.07439868399756175
2023-05-02,0.028880246761800853,-0.01487168366896997,2.8230193472729015,0.8340700471517173,0.0680013100413223
2023-05-03,0.028880174115168883,-0.01898404032163498,2.6659199754162324,1.0146065316342534,0.07811682255501434
2023-05-04,0.028881830367393856,0.005081547919418264,4.823212556150223,1.0116121630897017,0.1409208184297381
2023-05-05,0.028880409509718076,-0.002562388479297561,4.3758574955769,0.9952460533855516,0.12577576902585166
2023-05-08,0.028880243783360512,0.009898508242626647,3.7320122464291585,1.032437162188218,0.11127754699363805
2023-05-09,0.028880180772806473,0.0005581118449185992,5.046655406992554,0.9918796066709091,0.1445647867628815
2023-05-10,0.02888021232088151,-0.007283709988089238,4.1324089613127795,0.976393005609004,0.11652747503738838
2023-05-11,0.028880117479649973,-0.015162189243951317,4.039047216506488,0.9406783058919382,0.10972839176438254
2023-05-12,0.028880248039721237,-0.0030485536609224655,3.514631682034289,0.9331490811103975,0.09471783686223127
2023-05-15,0.028880235558298058,-0.004985276682566745,3.1683752054935956,0.9011114391602992,0.08245478053136765
2023-05-16,0.028880215536547075,-0.012396477150998201,2.9323299419056736,0.869448184535663,0.07363036782805486
2023-05-17,0.028880275504753798,0.012456129988322361,2.7678688419340167,0.8962599109636868,0.07164416244015302
2023-05-18,0.02888024994097632,0.012163020878495336,2.651407790891495,0.871001699678474,0.06669549160558604
2023-05-19,0.02887223433731728,-0.06514620892279127,10.1743841854636,0.9026371079364089,0.26515615345174764
2023-05-22,0.02888036603426923,-0.05699087174679693,7.362852243507779,0.9183030212747672,0.19526966969501236
2023-05-23,0.02887991447745299,-0.05426875885238067,7.105055157945785,0.887664081071095,0.18214279782111095
2023-05-24,0.028880178962899496,-0.041440149309873955,6.76737204877879,0.8560073033490173,0.16730056337875812
2023-05-25,0.028881485505122612,0.26553242004671906,6.607445186107833,0.8529294367958656,0.1627669402341952
2023-05-26,0.028880235093970974,0.17971492906790992,5.088486419071286,0.8612940634721553,0.12657291956434621
2023-05-30,0.028880210168749962,0.14239424739904466,4.179625696432838,0.8368270948691623,0.10101211705417303
2023-05-31,0.028880288128182007,0.10767158901048023,3.6994665868094696,0.8283393457156538,0.08850115152454147
2023-06-01,0.028880200726008363,0.07495449409738271,3.4279256814783445,0.8008248484360343,0.0792810047241861
2023-06-02,0.028879147923926013,0.02695961406647495,3.9283254145836786,0.8101330734499451,0.0919069162427966
2023-06-05,0.02888019005873453,0.012302601481938966,3.421663727808873,0.8646450721905774,0.08544275507909606
2023-06-06,0.028880191572737586,0.0043556171197771405,3.1055061321776094,0.849841482095826,0.0762202531311716
2023-06-07,0.028880220314082983,-0.0021409457400545797,5.428636585000309,0.8206229147232734,0.12865744158323528
2023-06-08,0.028880117222254482,-0.007128421866730487,4.416251899383544,0.8496440590467136,0.10836519428092582
2023-06-09,0.028881569591846037,0.003368409511352299,4.9974896824738195,0.9155459998217212,0.13214564870795442
2023-06-12,0.028880752895267443,0.1267458270485127,5.586209264200485,0.8856347486377621,0.1428829339937549
2023-06-13,0.02888020627885479,0.09740185919080847,4.550831044721823,0.8552425967680799,0.11240362734748323
2023-06-14,0.02887543790190429,0.01110830368103459,14.643949050778277,0.848534446448561,0.35880316527003764
2023-06-15,0.028880207663011668,0.0024319356097101713,9.823465668658194,0.8194621980035864,0.2324844809231106
2023-06-16,0.028880202606813205,-0.005592790840131787,6.851915667896114,0.8186782311602874,0.16200390659443603
2023-06-20,0.02888001921785786,-0.014980075730965966,6.350877654355787,0.7933545036562596,0.14551190143075518
2023-06-21,0.028880431355902198,0.05195923133763151,5.078016710443839,0.8127136387928217,0.11918877310099091
2023-06-22,0.028880316577794846,0.06247834681647317,4.403606242420066,0.7882778380373991,0.10025123814242749
2023-06-23,0.028882770151233056,0.4915480232082772,5.451441264759736,0.8049069253053783,0.1267347887953164
2023-06-26,0.028880191316462283,0.4148429142335904,4.513120201388702,0.78042318017457,0.10172018159190582
2023-06-27,0.028880215812650677,0.3372573094323309,3.838161683680951,0.7562497640349949,0.08382797051634464
2023-06-28,0.028880236561307313,0.24513971839296783,3.3747627355502803,0.7444996402903844,0.07256187284323853
2023-06-29,0.02888024175435396,0.18621991181601244,3.073704989328678,0.7265329290487594,0.0644938509054875
2023-06-30,0.028880217757334164,0.13356369737318818,2.8455901453155876,0.7072026877200176,0.05811881010553543
2023-07-03,0.028880166500512162,0.09098906506376557,2.706543568919078,0.714116610346352,0.05581923114038729
2023-07-05,0.028880236764131425,0.058327204850301656,2.9020222670491256,0.6940419425561972,0.05816841182736845
2023-07-06,0.028880252622960647,0.04363670843315135,2.745895439749095,0.6833845647804668,0.05419386798117181
2023-07-07,0.02888038330976313,0.08395570748676306,2.7571203486633293,0.6720517433700848,0.05351325751378473
2023-07-10,0.028880565651672192,0.05815424224064239,2.9161750655348344,0.6908868099813138,0.05818702978119943
2023-07-11,0.028880222480360002,0.03283595185536491,2.7346031284323025,0.6723910760468671,0.05310272181343066
2023-07-12,0.02888012258552528,0.011827002043589843,2.7205373967790827,0.6621236256689775,0.05202269142982785
2023-07-13,0.028880748981356077,0.008440112940176357,2.829287717407019,0.7752939548948256,0.06335077960809804
2023-07-14,0.02888017478730885,-0.0037531969464779545,4.771258927482399,0.7509364562142273,0.10347513262495124
2023-07-17,0.02888023549738355,-0.004387311202898536,3.980164701920699,0.734641931991564,0.08444568978867495
2023-07-18,0.02888024556958869,0.0002493168579830254,3.96166721876158,0.713099539153815,0.08158851515282817
2023-07-19,0.028880127259328786,-0.010171867697534632,3.466221234223539,0.7793639630869373,0.07801815965745997
2023-07-20,0.028879529504190354,-0.020201917369203935,13.075322278252107,0.7548459228641465,0.28503673147408903
2023-07-21,0.028880486990009214,0.07461308621107297,9.090255120862489,0.7453583576442513,0.19567967108050363
2023-07-24,0.028880222893001684,0.04664586795845934,6.452007017398197,0.7294959178874237,0.13593091421939205
2023-07-25,0.02888020343506891,0.02350409261890521,4.991644471733226,0.7191124770123624,0.10366704457523805
2023-07-26,0.028880219777476547,0.00932699835231172,4.098007707567456,0.7152687695434209,0.08465303396156622
2023-07-27,0.028880438048877133,0.0014533258166931514,3.9612939956520434,0.7084581855293248,0.08105038354520275
2023-07-28,0.028880254354402314,0.020064401085662622,3.468841965110889,0.7915566348401689,0.0792989655259172
2023-07-31,0.02888177926264584,0.02588316494239583,5.489767819651925,0.7990087338812945,0.12668624042802665
2023-08-01,0.02888028923417472,0.015024003602953445,4.79088378714705,0.7757627872043795,0.10733617567826415
2023-08-02,0.028880225552838333,0.012173449947995785,3.9857984685542727,0.7966312643455069,0.09170082930668604
2023-08-03,0.02888025287457618,0.013459384457002867,3.487723755001848,0.7833530772789072,0.07890429153633095
2023-08-04,0.028880230908786716,0.006425783717115643,3.1517752552567386,0.7591628499078871,0.06910203708216132
2023-08-07,0.028880260684866113,-0.0020695624728119763,2.9901010338758867,0.7413949725750397,0.06402308673949234
2023-08-08,0.028880201472621665,-0.009730891606459676,2.812177848055971,0.7231466457581577,0.058731268045587405
2023-08-09,0.028880396660468623,0.048188208318017185,2.752627862989647,0.7232080743532804,0.05749286110736701
2023-08-10,0.02888127501209986,0.2926233380747855,3.419378913307945,0.7157010824658875,0.07067979239352458
2023-08-11,0.028880243529323002,0.2332710204423825,3.1207132215759756,0.6972355676644145,0.06283972060048719
2023-08-14,0.028879965146083698,0.17009809231452938,4.54485934552534,0.678680089958956,0.08908041276165136
2023-08-15,0.02888031924239703,0.1476538779431861,3.947570039909692,0.6676821421514457,0.07612049338740434
2023-08-16,0.02888036664292389,0.14823702695527688,3.619220518596019,0.6565580465322725,0.06862634608098103
2023-08-17,0.02888037243188641,0.1361199266254541,3.3139660512760716,0.6600719414344548,0.0631745441118253
2023-08-18,0.02888026009782006,0.10766627658364339,3.063365456796215,0.6467470823041291,0.05721822605636416
2023-08-21,0.02888026961649491,0.08905005159632796,3.057938070223868,0.6317826249126933,0.05579529871323362
2023-08-22,0.02887966073463062,0.03406597468112937,4.08843900290768,0.6205983717140475,0.0732757448123204
2023-08-23,0.028880217260713267,0.020127057371004523,3.548170542329538,0.6078426808335129,0.062286816373866294
2023-08-24,0.028879423948041116,-0.002735410799257496,3.49995165455233,0.6730631390162949,0.0680309253509431
2023-08-25,0.028880160472254283,-0.011093726912985921,3.5281409642324544,0.6562542587313503,0.06686789710894132
2023-08-28,0.028880237811757862,-0.00990682448609105,3.1790631400872105,0.6424713404864383,0.0589866426414098
2023-08-29,0.02888028013364837,-0.015464346089542879,3.089423687106313,0.6307768269920918,0.05628006672932557
2023-08-30,0.02888055910618537,-0.014163534279075617,3.0749920681487586,0.6862786225668073,0.06094668203106622
2023-08-31,0.028880304377519775,-0.018477898014358587,3.1294992894950258,0.6707467204704638,0.06062268692221577
2023-09-01,0.028880262632251633,-0.0035870992975425915,2.9393411936680582,0.6564829018495495,0.05572814136799312
2023-09-05,0.028880226360492638,-0.010719003997029028,2.770733786240667,0.6406040837221594,0.05126076654446203
2023-09-06,0.02887962206622086,-0.01883748384311684,2.947568166033243,0.6613274619931193,0.05629527181237068
2023-09-07,0.02888024738329293,-0.008712657069527457,2.7702059072733975,0.6585287703947584,0.05268508846258917
2023-09-08,0.028880183275399974,-0.013987268241814363,4.281622649276111,0.6423902481128645,0.07943415382148326
2023-09-11,0.02888023255590138,-0.014835277754843256,3.725729756137612,0.6276158319801702,0.06753142699237885
2023-09-12,0.0288801561706415,-0.020106841259912866,3.5883505351927227,0.6145520762535386,0.06368733687942381
2023-09-13,0.028879855536676297,-0.024263696254641736,3.5379103473660254,0.6183783883794228,0.06318240353822183
2023-09-14,0.028880250585016677,-0.013648481520938867,3.1919995468209086,0.6104341057249796,0.056273323895901464
2023-09-15,0.028880229751782935,-0.015754503032367136,2.9715251426556657,0.5980596380378806,0.051324478678936726
2023-09-18,0.028880205653274465,-0.020523901623033865,2.766242347513144,0.6172014743292153,0.049308008457014864
2023-09-19,0.028880141828814973,-0.02534177978171993,2.66445110813657,0.628257729846327,0.048344260105557216
2023-09-20,0.02887712845561425,-0.04794981198756412,25.30505257686149,0.6158153361990973,0.4499992076455157
2023-09-21,0.02888022263049908,-0.044688172124299104,13.989330621465202,0.6029364906517458,0.24359537589990005
2023-09-22,0.02888016740665869,-0.029419774457578846,8.977955167603028,0.6215010214261553,0.16114579800274859
2023-09-25,0.028880216607027616,-0.030357233916498756,6.396321966158402,0.612259175755504,0.11310090109127573
2023-09-26,0.028880223539936536,-0.021874425568210194,4.952070373047027,0.6161328099381388,0.08811740407075924
2023-09-27,0.02888028722759029,0.006021255763016091,4.121684794920325,0.6395803580336893,0.07613272980647764
2023-09-28,0.02887991839176389,-0.0030306008209961704,3.6592586146434694,0.7008225882589499,0.07406229349447012
2023-09-29,0.028879980272816127,-0.009192539640892353,3.490815181388825,0.6970501664203349,0.07027288499275622
2023-10-02,0.028880050200015144,-0.01172288549337899,3.197934800245935,0.7285724364766527,0.06728841302863624
2023-10-03,0.02887982393947767,-0.015237165251638837,3.12064664230706,0.758748818614994,0.06838127033360697
2023-10-04,0.028880263757287725,-0.006470086004534309,2.917789489667259,0.7416802084735454,0.06249881757470197
2023-10-05,0.0288802219791849,-0.011016329935966004,2.726499272980424,0.7201119581814239,0.056702986845827266
2023-10-06,0.028880102530311126,-0.01636379368214439,2.8281260059810758,0.7026064497217929,0.05738648418556369
2023-10-09,0.02888020532629854,-0.020040212411306806,2.6734574034861334,0.6977010229795536,0.05386949510779407
2023-10-10,0.02888003727344972,-0.023526309571713897,2.5712886517264617,0.9012699756401369,0.06692732790182608
2023-10-11,0.02888015290285314,-0.026674371488204885,2.6822546624964736,0.8703345248984249,0.06741952816780906
2023-10-12,0.028880391419448242,-0.025608188597592202,2.7503412016836593,0.8666561959726689,0.06883930801913847
2023-10-13,0.028880233955236374,-0.02085385804667547,2.6239200785761567,0.8411779282542637,0.06374398035594393
2023-10-16,0.028877864972639573,-0.051202902066957934,2.8362659795336778,1.3241097729751612,0.10845161611122676
2023-10-17,0.028880232546095924,-0.040733021903166224,2.68531894069291,1.2725228009706986,0.09868749690794996
2023-10-18,0.028880169445506015,-0.03652753253262692,2.9708012000768216,1.2183733128718677,0.10453307002823277
2023-10-19,0.02888020999024349,-0.035537067294563754,2.7672856769136973,1.254028853235293,0.10022172442568222
2023-10-20,0.028879811268891636,-0.040387754412044716,2.8570712281049855,1.2636603815937961,0.10426673831718343
2023-10-23,0.028880214968230972,-0.038941407675045024,2.7070259503093053,1.2116836684224626,0.09472881289801312
2023-10-24,0.028880297478452846,-0.002869484506888889,2.6922168273871994,1.1650118770580309,0.09058203008721369
2023-10-25,0.02888026207808729,0.006787420386627853,2.797963718369765,1.117010455084506,0.09026106358444314
2023-10-26,0.02887959049656725,-0.01007048249593963,3.9449362231643024,1.077128433856987,0.12271524187566549
2023-10-27,0.02888021953510032,-0.015185731297240958,3.454718522816397,1.0341944116756268,0.1031847094113485
2023-10-30,0.02888016866824609,-0.019902670681804343,3.121100878615352,1.0577794353488805,0.0953460379148793
2023-10-31,0.02888023655670143,-0.014325697862282506,2.8872884576018225,1.0265841333552046,0.08560230687313099
2023-11-01,0.028874878786552174,-0.0651629472004804,22.52302496328977,0.998212214333505,0.6491869300002835
2023-11-02,0.028880373624837006,-0.007875651624612871,13.77889150735164,0.9648088097580662,0.38393556899206804
2023-11-03,0.028880073248030363,-0.015119936008209937,9.969157479618154,0.9316044003920516,0.26821822127028533
2023-11-06,0.02888076984166806,-0.010540420793886358,12.751810024568337,0.9020255009824663,0.3321998370817083
2023-11-07,0.02888022585248377,-0.007985703903252128,8.349621917719386,0.8929568694150174,0.21532669685786124
2023-11-08,0.02888022979102976,-0.008949484535603605,6.0650576828729665,0.869765793012573,0.15234840207547043
2023-11-09,0.028880218891049803,-0.005818549582508691,4.7569855977418785,0.8782015256688659,0.12064977167248844
2023-11-10,0.028880234279592,-0.011496898129451908,3.994905301426441,0.8524764310249736,0.09835344613582253
2023-11-13,0.028880526149041293,0.07696171414732864,3.6287832027116163,0.8683783807121795,0.09100706871665086
2023-11-14,0.028880210074790753,0.05333916181143848,3.226284311765362,0.8510125841623611,0.0792937516897536
2023-11-15,0.02887986570509908,0.02788064350799337,3.1648481061925176,0.8662440375029055,0.07917504137635892
2023-11-16,0.028880261617492596,0.02740465881468741,2.9613716611585397,0.8397308704728615,0.07181814083605408
2023-11-17,0.028880157270919332,0.0110603237114759,2.776888019556134,0.8827583670417943,0.07079453985993367
2023-11-20,0.02888023305267251,0.003521754165191015,2.687817497566028,0.8516144247092703,0.06610639576112724
2023-11-21,0.028880233917401323,-0.0014040761089423018,2.5837468476427343,0.8244844521749701,0.061522381235053554
2023-11-22,0.02888005136240905,-0.013134898724666215,2.551340262202168,0.8634867848614124,0.06362415672466805
2023-11-24,0.02888027600091294,0.0064065784123750625,2.513614620328339,0.8415257002844101,0.06108961906526805
2023-11-27,0.02888015749993005,-0.005961240462107101,2.497384273960515,0.8249407038343096,0.059498725487982844
2023-11-28,0.028879784532371406,-0.02030472626707526,2.735204937284264,0.8220143844209231,0.06493266649184926
2023-11-29,0.028881055484501754,-0.008932544520552132,3.0767827331713855,0.9007049659733694,0.08003730334044591
2023-11-30,0.02888016379679352,-0.016217083820750818,3.206727451811859,0.8686261120576734,0.0804441713514346
2023-12-01,0.028880206230435378,-0.01964965231964038,2.9442760740002276,0.846626649526133,0.07198976480711497
2023-12-04,0.028880076112988633,-0.024377005103311578,2.7723159883870068,0.9846845561516231,0.07883847038650081
2023-12-05,0.028881215851723648,0.2146328331729918,2.883978996037188,1.0825766921034246,0.09017086543939726
2023-12-06,0.02888013732594474,0.16332540054042533,2.839736370823608,1.0461832415154062,0.08579955527020303
2023-12-07,0.02887951354159343,0.06624084381073286,4.397439755397037,1.008815785480058,0.12811548976039394
2023-12-08,0.0288802190280241,0.05305490495695802,3.750894948995742,0.9700193028528654,0.10507895866149071
2023-12-11,0.02888037076224868,0.06298625816612731,3.3786979674637387,0.9917235652888904,0.096770451633996
2023-12-12,0.028880795015991893,0.1543734973910381,3.3563349436725143,0.9963693367736737,0.0965816881781939
2023-12-13,0.028880201451871302,0.12428722470855992,3.1358136749957812,0.9588491049885141,0.08683618499832464
2023-12-14,0.028878372991903548,0.06825631596683385,3.3804310462007527,1.1757510311257156,0.11477840130642754
2023-12-15,0.028880154698945528,0.04774180755961715,3.1354790908283086,1.1415517724050788,0.1033710760008804
2023-12-18,0.028880268479025764,0.04300494641551283,2.9166963378657265,1.1194915777351413,0.09430034317056558
2023-12-19,0.02887957321268651,0.012459185341337557,4.055950268287825,1.0799551176618327,0.1264995844847784
2023-12-20,0.028880223109237553,0.004292962550102777,3.506936508861998,1.0561153753749069,0.10696453624489304
2023-12-21,0.02888051109386222,0.08127123805370043,3.465977265728811,1.02471922704776,0.10257356959934245
2023-12-22,0.02888306463714255,0.08760330917578887,16.635985943628594,1.0054535002141565,0.48311865466157466
2023-12-26,0.02888018144615605,0.06106083808466862,10.399560729213452,0.9743333039272798,0.2926324345004406
2023-12-27,0.028880217853083895,0.03845812505115273,7.137699332410091,0.9649608989297905,0.19891541055207315
2023-12-28,0.028880197804157924,0.01955910593987463,5.426964725836069,0.9371391969281485,0.14687952701571586
2023-12-29,0.028880117465977177,0.0029392234177454723,4.5376195338206164,0.9158587610647203,0.12002052946317467
2024-01-02,0.02888021551111102,-0.006607565127146126,3.829302575442032,0.8845957743576962,0.09782840526606039
2024-01-03,0.028880754083311373,0.16286775894676364,4.524845185549735,0.856711244857175,0.11195583170225927
2024-01-04,0.02888107207779812,0.30807431300202603,4.465373306515101,0.8556076643325075,0.11034324420323428
2024-01-05,0.028880226415287223,0.24146864824598255,4.026003387671426,0.8259778038351134,0.09603799984170415
2024-01-08,0.028880208881035308,0.18163397867208916,3.6218199873073953,0.7984722976494775,0.0835193381978284
2024-01-09,0.02888026888230566,0.12167319676412672,3.248300278534073,0.7995235459455566,0.07500473135809153
2024-01-10,0.0288803308118921,0.10726189250864716,3.8451233047005315,0.7737812534577831,0.08592719572170598
2024-01-11,0.028880231121910287,0.07924030503673753,3.3772505200756813,0.7533659336353885,0.07348013062994928
2024-01-12,0.028880168671160097,0.052258076852084855,3.3039990539843607,0.7312221305039361,0.06977325223070138
2024-01-16,0.028880121340173762,0.029787044158171707,3.0351804802015767,0.7711664959716342,0.06759766384412069
2024-01-17,0.028880256410343225,0.02670606340235268,2.834186108808487,0.7848386672083533,0.0642406314914258
2024-01-18,0.02888023727816182,0.02230565291146207,2.684129819637251,0.811940950543483,0.06294028712028503
2024-01-19,0.02888006421386775,0.009810202323349181,2.6489914833204993,0.8206881066903239,0.06278513845153662
2024-01-22,0.028880205387837785,0.0004266842581176867,2.564572552351961,0.7968385701068836,0.05901815312231002
2024-01-23,0.028879581538693713,-0.015124751438517462,3.372630200903844,0.7787847164903163,0.0758537473369706
2024-01-24,0.028880091605018702,-0.020915631148086408,3.2636271247949327,0.7604154206827414,0.07167208124866765
2024-01-25,0.028878356415950976,-0.0401397523595647,4.621729537904481,0.7675434388131541,0.10244245150470692
2024-01-26,0.02888009286317118,-0.03928595927043254,4.137736481861349,0.7499073113880034,0.08961258425603838
2024-01-29,0.028880281426164098,-0.015392932379083433,3.7642281785600673,0.7282081089990575,0.0791649374796386
2024-01-30,0.028880222063498634,-0.01984491045473113,3.3167481348039214,0.7366598788895659,0.07056348783708782
2024-01-31,0.028880161960353527,-0.013239070708499976,17.666881626451882,0.7151957024405968,0.3649088697044787
2024-02-01,0.028880328401377373,0.021797166183934548,11.702466416426343,0.6960813958750545,0.23525537640713512
2024-02-02,0.028880080516276156,0.005762420042791034,7.933118032891455,0.748932668058678,0.1715872802040974
2024-02-05,0.02888033318249488,0.03615164651537156,5.929709024978822,0.7647889677640624,0.13097161913559924
2024-02-06,0.02888028633084046,0.04059807789601422,4.743137848956396,0.7574917651466346,0.10376363019587026
2024-02-07,0.028880193351684916,0.023918701901317927,3.973371460818243,0.7477334403242376,0.08580371037722648
2024-02-08,0.028880228047992104,0.012238873473377538,3.471234966043177,0.7257225832672642,0.07275373064897041
2024-02-09,0.0288802714596158,0.019852350846983502,3.234152696535819,0.7061230886106274,0.06595416159044729
2024-02-12,0.02888029659658996,0.03500684106662363,3.017827336694064,0.6959087634658431,0.060652449210040565
2024-02-13,0.028880216053613926,0.01606155760771585,2.8000898181422986,0.6824505108450037,0.05518786121183474
2024-02-14,0.028880093048693746,0.001079196258705483,2.663891338434094,0.750307820385846,0.05772375397221206
2024-02-15,0.028880253443903593,0.0034459848580297102,2.6121310447987613,0.7289445856871763,0.054990855412494696
2024-02-16,0.028882129990709965,0.018802668879592786,5.33544768719093,0.734235120999459,0.11314496667941674
2024-02-20,0.028880182053588284,0.007066663541166685,4.390397731047449,0.7192109542446328,0.09119270230758522
2024-02-21,0.02887976464069137,-0.008163988975395043,4.209572650847557,0.7205574912866621,0.08759923155772456
2024-02-22,0.028880246575922388,-0.005076082788602933,3.7683484820580264,0.700198095752985,0.07620314226796668
2024-02-23,0.02888023208251606,-0.008558513188626335,3.3957672021448,0.6811532576860546,0.06680107113905091
2024-02-26,0.028879694260084257,-0.021985676154991824,3.55624961960749,0.6823206510708272,0.07007665193342248
2024-02-27,0.028879603416804383,-0.03283226677155965,4.660222780538419,0.6683197799538154,0.0899460753800207
2024-02-28,0.028880159667574956,-0.03346334407353005,4.115236721685388,0.6532689178371525,0.07764015744929774
2024-02-29,0.028880053228143465,-0.029963934718366454,4.497518715944361,0.6381291854998882,0.08288569370437203
2024-03-01,0.028879973142044463,-0.03402517780792268,4.071819422704288,0.6398628534087326,0.07524405514171971
2024-03-04,0.02888020142883793,-0.03000208449681168,3.542136745561993,0.8738436642216604,0.0893921294616115
2024-03-05,0.02888002455428826,-0.03254157022162133,3.212039855475316,0.9950978788925835,0.09230905056302906
2024-03-06,0.028880646332138413,-0.025694756151027114,3.7219318740055525,0.974248281072659,0.10472369955314599
2024-03-07,0.02888016051989809,-0.02892881751348496,3.324670340679108,0.9701707323307002,0.09315289592955611
2024-03-08,0.028880143510289266,-0.03172339544143318,3.101062275083743,0.9481026082271584,0.08491123861763915
2024-03-11,0.02887918027583927,-0.04066571080369057,3.6860523065902058,0.9485755514494136,0.10097602782574328
2024-03-12,0.028880305090772385,-0.03741018859340579,4.173773497254789,0.91379503550474,0.11014871832025558
2024-03-13,0.028880090163668864,-0.026621846566908133,3.6617242834604746,0.9235352507724021,0.09766470931195567
2024-03-14,0.028882070756681373,-0.0017209740374521318,8.305820968463397,0.9112501927554765,0.21859917897828116
2024-03-15,0.02888021000172501,-0.00871243578065807,6.041323677543147,0.8858331942748763,0.15455547771704925
2024-03-18,0.028880214252269228,-0.014183636509859317,4.741808091537293,0.860040004581009,0.11777769132368592
2024-03-19,0.028880208231186418,-0.019261292527104703,4.1035542016038065,0.830342796330107,0.09840517016634792
2024-03-20,0.028880143487432636,-0.02413783892049404,3.860811959448978,0.8038168894060835,0.0896262289286468
2024-03-21,0.028880234181113868,-0.025862464404632867,3.3976053706721863,0.8613436504109192,0.08451817320116052
2024-03-22,0.028880237710587953,-0.02104439651852932,3.1076920256242517,0.8323491071811584,0.07470406852513434
2024-03-25,0.028881129426943843,0.2723089639604398,3.4021577615134544,0.8315078669883158,0.08170243190590352
2024-03-26,0.028880046052283465,0.18773877118684013,3.5163875507439353,0.8064722698192271,0.08190002875105533
2024-03-27,0.02888018156247209,0.13484881943930083,3.2271049585284453,0.7840796876158652,0.07307573850095218
2024-03-28,0.02888028980837969,0.09261377528124397,3.0259706234133534,0.7891856508337124,0.06896765104557505
2024-04-01,0.02888700419026782,0.15269761739014445,11.159554892594286,0.8669752840746288,0.279483448877666
2024-04-02,0.028880208907118638,0.10426087286844112,7.529095903225242,0.8968686512913632,0.1950167900146361
2024-04-03,0.028880146721808057,0.06492722352299504,5.614386764968695,0.9866110466106786,0.1599733708691398
2024-04-04,0.028880246670467048,0.03795683354587715,4.527926602669354,0.9881272399403241,0.12921506441092295
2024-04-05,0.028880321337557323,0.05707090936277027,3.9258961902574416,0.9624132162486146,0.10911951098983685
2024-04-08,0.028880625770269428,0.03872073553701148,3.6938880342128377,1.0732213552836536,0.11449318378362035
2024-04-09,0.028882693403191037,0.05706856163000757,16.994863960848466,1.0478702911509572,0.5143549340259509
2024-04-10,0.02888021720075387,0.033973070715677504,10.350684640871163,1.0188292135580608,0.3045586378017508
2024-04-11,0.02887919636391959,-0.0006811651264056207,9.48665295837687,1.0085581031533044,0.27631155072868807
2024-04-12,0.028881508889531046,0.010479643084083426,8.293346497823425,1.1493514295977134,0.27529766628006336
2024-04-15,0.02888022260272385,0.0058576754410782856,6.030017251123514,1.1486854922865304,0.20004155738188034
2024-04-16,0.02888095258337142,0.007192866224761607,5.485919072167161,1.2497191548377269,0.19800371404383224
2024-04-17,0.0288802165205227,-0.0027317569261849266,4.493548516384098,1.19676971577174,0.15531037590001281
2024-04-18,0.02888028787796662,0.01623727185777141,3.8598108858655804,1.1630520589162496,0.12964826194796608
2024-04-19,0.028880196897467285,0.0031096549105059895,3.455557674272534,1.1175654328400213,0.11152988539461908
2024-04-22,0.028880245559445402,-0.006483391555876548,3.209589811462429,1.0746935441210146,0.09961736600048825
2024-04-23,0.028880456478182624,0.06144150465494231,3.0091981581778526,1.1961578165548552,0.10395450702994095
2024-04-24,0.028880201722689354,0.042841783874389396,2.8380775524334214,1.1497829852874377,0.09424110260311507
2024-04-25,0.02888023182902727,0.030114049874166656,2.6918422264468806,1.1043920172607558,0.08585657023650102
2024-04-26,0.028880157675730742,0.015445820226510988,2.637130647198782,1.0729227754156272,0.08171460209031316
2024-04-29,0.028880206705762135,0.0038022192561733975,2.559566280413398,1.033206137551255,0.07637542761623697
2024-04-30,0.028877538873597692,-0.026782010093716106,19.34575569608301,0.9949624474853491,0.5558435440863216
2024-05-01,0.028879797092210394,-0.019111481006192196,11.986861737955513,1.0767299566438144,0.372740368036055
2024-05-02,0.02888011630727484,-0.021850483173516202,8.16608146995173,1.065839663590171,0.2513648365610286
2024-05-03,0.028880093879225282,-0.024673228119872513,6.5728649981445875,1.027277631705748,0.19500293350027975
2024-05-06,0.028880031300189363,-0.02819623987735086,6.7469560257533505,0.987954530267942,0.19250521370837423
2024-05-07,0.028880045562764717,-0.03125758185913202,5.319583547243681,1.0037193472690862,0.1542012178530173
2024-05-08,0.028880202077010406,-0.03040353778155231,4.332550529353755,0.9729623146065685,0.12174184617469087
2024-05-09,0.028880219873692242,-0.03021718361742681,3.6766032728017226,0.9406725795624731,0.09988165949755587
2024-05-10,0.028880168830633882,-0.030862447143704307,3.2548062846963606,1.034309961098042,0.09722446922677751
2024-05-13,0.028880117281714426,-0.03313687406378762,3.043070481376056,1.0256729637270625,0.0901404811092153
2024-05-14,0.028880317472381813,0.012614162074493283,2.8704274501041014,1.0250095207993621,0.0849721167048327
2024-05-15,0.028880176005907594,0.0009224937100051832,2.722909997256264,1.0152822331359448,0.07983988605174502
2024-05-16,0.02888620843109239,0.07610352443862206,12.925320129803879,1.0579364412915,0.39499484330267076
2024-05-17,0.028880222134999974,0.049201032953384384,8.41508884440969,1.0215215216018434,0.2482600026542698
2024-05-20,0.028880096259596127,0.026687513583110615,6.152122470695927,1.112255831933807,0.19761881939447867
2024-05-21,0.028880414961708893,0.013987333060653487,5.814105156600923,1.0732786779318644,0.18021826859309306
2024-05-22,0.02887999713798814,-0.0028141677226987357,6.101138453053026,1.0317619005611633,0.18179733529050374
2024-05-23,0.028881641540017298,0.3329980987192375,5.5779181923184575,1.0913555867569278,0.17581676706835772
2024-05-24,0.028880122810111892,0.18904204327804996,4.479638574162944,1.1616392099104225,0.1502841828174988
2024-05-28,0.02888022100629521,0.14938476143075888,3.808207825607897,1.1135634723671284,0.12247180824526054
2024-05-29,0.028881727211868477,0.12712555513763513,5.720018226404317,1.1165173795119918,0.18445314393314396
2024-05-30,0.028879970103529672,0.08192676849944869,4.904723620753349,1.0966477118155153,0.15533825285976158
2024-05-31,0.028880196909857533,0.0557238124944181,4.339653071245545,1.0525848729456104,0.13192049919624882
2024-06-03,0.028880140164990076,0.03209222273695345,3.8106194572143255,1.0232678627412297,0.11261188081525023
2024-06-04,0.028880079147172312,0.01458354528931529,3.457433823779257,1.0185757122170005,0.10170576522041612
2024-06-05,0.02887983097565335,-0.002790910418183877,3.477825498190081,1.0052460068235636,0.10096591629573909
2024-06-06,0.028883084237096672,0.030651628828023556,7.179364581719723,1.032106355220554,0.2140198361777464
2024-06-07,0.028880038258127676,0.012140991476220718,5.695047042363874,1.017232486098632,0.16730745819234175
2024-06-10,0.02887905002957609,-0.005627620601979076,4.892576296846311,1.307216196502324,0.18470044007755113
2024-06-11,0.028881002411878298,-0.002792213127892166,6.165804519336487,1.2759926822420744,0.22722190588077962
2024-06-12,0.028880214476907487,-0.0068987143217969175,4.8463930668114905,1.2234196438128044,0.17123577288071376
2024-06-13,0.028880217178466602,-0.010921103534802967,4.029682754860043,1.173280400604751,0.13654415918385604
2024-06-14,0.028880245692565483,-0.0055369369283174395,3.5094447388753247,1.1443801304194796,0.115987076087344
2024-06-17,0.028881177101959005,0.000666785964125765,4.158552398133074,1.1681515174727135,0.14029953936998296
2024-06-18,0.028880270691749668,0.010000755198201426,3.639284897441876,1.128094799825073,0.11856674897825947
2024-06-20,0.02888010800160359,-0.0016654588755849592,3.513233847075327,1.0864920456053833,0.11023827842425447
2024-06-21,0.028880650920920965,-0.0028740936936588195,3.552578132046882,1.1145609275874508,0.11435480815742123
2024-06-24,0.028880372292175868,0.04358746063739898,3.243934519282349,1.1350919449124466,0.10634226550487072
2024-06-25,0.02888020956574521,0.02652704556317992,2.984481208698175,1.0922474188267746,0.09414347311849978
2024-06-26,0.02888003240274719,0.009269476494631947,3.0683293204438495,1.057048217262918,0.09366868955595675
2024-06-27,0.02888060599683525,0.12202431800485714,3.075517977000536,1.043405147195368,0.0926781906335183
2024-06-28,0.028880489542685177,0.08926369579420922,3.0909421071679843,1.059987643683409,0.09462289345260107
2024-07-01,0.028880241889230062,0.06538049560498953,3.0602969027689952,1.0178983855455803,0.08996401197094075
2024-07-02,0.02888021095902948,0.039590480690402816,2.8656166650733677,0.979802090961033,0.08108804266309338
2024-07-03,0.028880197441486056,0.019104636371779695,2.890378445050008,0.9426804337519067,0.07868996656701586
2024-07-05,0.028880382326032145,0.007002297508860359,2.8401156928657656,0.9726445267606952,0.07977983192509298
2024-07-08,0.02888003022371711,-0.007797186011602674,2.741184364831305,1.0309007329915987,0.08161175889047383
2024-07-09,0.02888035171601562,0.0387453496319851,2.6640639863277786,1.0370682857404445,0.07979110564487274
2024-07-10,0.02888022351757702,0.0214001112501598,2.563998149356757,0.9963563085557818,0.07377902852858241
2024-07-11,0.028880213514897255,0.0071588441504424555,2.4863789531775735,0.9624646392983028,0.0691118475810739
2024-07-12,0.02888036335047097,-0.0008848347078737175,2.4922959385800287,1.0874975026563747,0.078276343603036
2024-07-15,0.02888023547070585,-0.004325651600052261,2.478854676644971,1.0440675620848061,0.07474469941992225
2024-07-16,0.028880192012088052,-0.013352890899972129,2.477510773520067,1.0057304265108322,0.0719610045232051
2024-07-17,0.028881032979994194,-0.0037934098654910085,2.7599003697975935,1.1611940701636934,0.09255735524622435
2024-07-18,0.028880120219540166,-0.01372483388653769,2.788862826683597,1.1197018376129404,0.09018380215386346
2024-07-19,0.028880093895552943,-0.019569648406811618,2.779781837892283,1.0880840643086842,0.08735178092338555
2024-07-22,0.02888034836533903,0.03067883288662717,2.6799607588574594,1.136549109419558,0.08796685564578387
2024-07-23,0.028880147887562654,0.0163534632444598,3.1699957146751934,1.090138916674581,0.09980215791053122
2024-07-24,0.028880191676127476,0.004716236108127343,2.9779925582141407,1.0497815171711316,0.09028645507107173
2024-07-25,0.028880243530205414,0.00399888465804434,2.800273715352468,1.0134255145428606,0.08195834294149405
2024-07-26,0.028880035615295455,-0.005345936209513028,2.712327215956026,1.0502140658530046,0.08226548015621883
2024-07-29,0.028879392541652095,-0.017765831830649864,3.1086377249553903,1.056159676703367,0.09481733606690781
2024-07-30,0.028880265806234786,-0.007226477098623275,2.9895458279626648,1.015432919298373,0.0876713390903059
2024-07-31,0.02888067555636069,-0.00677566100318392,3.2481969633912837,1.0225303837175375,0.09592370070259255
2024-08-01,0.028880199875852552,-0.012797581200605205,2.9661098489617337,1.1446895955617906,0.09805622304208964
2024-08-02,0.028880281761396117,0.005815109231943406,2.8593240349518956,1.101576337060434,0.09096606304803365
2024-08-05,0.028880217400898238,-0.004764047963016433,2.6963691341134117,1.0591742300662432,0.08247972626277326
2024-08-06,0.02888014718539121,-0.010038778888212167,2.5976263584627812,1.0667783855804769,0.08002953480349072
2024-08-07,0.028880664220207887,0.1216510899108051,2.7761995133954698,1.0468463148595755,0.08393455255267604
2024-08-08,0.028880351097479245,0.12015008697453385,3.082859404168067,1.0063270279612704,0.0895973829761705
2024-08-09,0.028880139700037923,0.08391380389774769,2.862668772378224,1.0880628076389303,0.08995480275456051
2024-08-12,0.028880189030424407,0.05471822998795321,2.79459430529044,1.0460520716968191,0.08442520136689172
2024-08-13,0.028879857118160074,0.025780786487361214,2.7555488804351365,1.145078293632292,0.09112516794782437
2024-08-14,0.02888028062893753,0.03384479547084196,2.78626161685695,1.0990403679932872,0.08843759945549831
2024-08-15,0.028880560708732766,0.13676671310147195,2.8655694044859317,1.0761800299761308,0.08906385338485462
2024-08-16,0.028880212800657803,0.09382294069177378,2.7158571677851744,1.0352621810239728,0.08120030564095314
2024-08-19,0.028878236693744053,0.02393448895603571,3.117185673936812,1.2310362144717957,0.1108164344335983
2024-08-20,0.028880231527493232,0.013146993559185385,2.8980276125286513,1.1799938770136247,0.0987604234713348
2024-08-21,0.028880156675333588,-0.00040303749508190193,2.871820935285591,1.1344528494959225,0.09408997484152265
2024-08-22,0.02888021910907921,-0.009727365018639118,2.7046177613636986,1.089134527756126,0.08507224737762341
2024-08-23,0.028880310814058965,0.023264873745906012,2.621894876826407,1.0887387248910791,0.08244053628354857
2024-08-26,0.028880174310294777,0.009147048571954858,2.533208786874576,1.102074074638233,0.08062720074923256
2024-08-27,0.028880620989138715,0.005155112133068644,4.496626308588196,1.0607376486361475,0.13775307676280918
2024-08-28,0.028880238888122925,-0.00493427437162635,3.894620995554751,1.0203557885531944,0.11476715466206475
2024-08-29,0.02887949454303532,-0.021734794878321563,4.4302557955926165,0.9980085928183663,0.12768876037259116
2024-08-30,0.028880456882291957,-0.021033261768732357,4.458177649090357,0.96941764578575,0.12481660059184395
2024-09-03,0.028879946810247754,-0.025078784523088798,4.128119336329681,0.9512487410402035,0.11340774825713376
2024-09-04,0.028880220740348676,-0.02443308681590882,3.54826598722569,0.9244301646719706,0.09473070837769433
2024-09-05,0.028880206595066214,-0.027084259707394167,3.449481332719994,0.8905090486641835,0.08871405515633173
2024-09-06,0.02888013154154073,-0.0301395625915559,3.156009933717296,0.8945295595541204,0.0815327751623601
2024-09-09,0.028880287385462323,0.0020496176492617504,2.942399508749438,0.8835461844147285,0.07508140753648887
2024-09-10,0.028880465212054413,-0.0032328156674643147,3.397528250105133,0.85855610133946,0.08424341042535423
2024-09-11,0.02888023577085147,-0.011292563355360552,3.093759316060143,0.8373863207761918,0.07481921039739223
2024-09-12,0.028880217623328923,-0.017445609275009422,2.8596070626096073,0.8109753631379498,0.06697527158371874
2024-09-13,0.028879968571475567,-0.024624283326252158,2.7373651622956157,0.964017151343583,0.07621039504075001
2024-09-16,0.02888012923433829,-0.028517990152244318,2.6411697023223457,0.9804602954758134,0.07478688599260735
2024-09-17,0.028880216216805275,-0.030331808448780195,2.5810506883203836,0.9432367599275077,0.07031009612759372
2024-09-18,0.028880256963401792,-0.010909760611451654,2.514850413640974,0.9207608930379947,0.06687442737764708
2024-09-19,0.028880191148918315,-0.014628922395837261,2.4495732647633903,0.9106626549748029,0.06442405010791748
2024-09-20,0.028880107748489744,-0.020233301525057777,2.4125111527124212,1.0041185799876788,0.06996053825540621
2024-09-23,0.02887990404394636,-0.027948202711351237,2.4823203527919113,1.0485728506773666,0.07517132111917754
2024-09-24,0.02888024804226774,-0.029212232356665677,2.5772729854684315,1.0079428503485521,0.07502348757867268
2024-09-25,0.028880079975106276,-0.032160824399882056,2.528381397187308,1.0649933859173402,0.0777656647012628
2024-09-26,0.028880236095029495,-0.02616122042240632,2.4829301533022177,1.02362628883143,0.07340179371730411
2024-09-27,0.028880105971294725,-0.03019634937998403,2.5550816049703515,0.9933997548914925,0.07330398864842973
2024-09-30,0.028879822456051103,-0.03175975627721688,2.802129559289537,0.9771966877657737,0.07907964603346411
2024-10-01,0.028880108579022505,-0.02866127935241133,2.728980240747425,0.9640720467511253,0.07598164705722774
2024-10-02,0.02888003455900194,-0.03198697138871328,2.687654736976183,0.9804933548050844,0.0761054644365333
2024-10-03,0.028880035263046874,-0.03326678884729796,4.851766039258908,0.9431482341191438,0.13215315180902285
2024-10-04,0.028880235325125524,-0.027788720308590514,4.0675151915909,0.908829042518581,0.10676087098138536
2024-10-07,0.028880158951906893,-0.029865635137217846,3.703776169979835,0.8785831716740398,0.09397821521489805
2024-10-08,0.028880615252917564,0.12430620588200267,3.8455800708843753,0.8537034414029805,0.09481462495361508
2024-10-09,0.028880110797580797,0.06666273680499324,3.4581446356443846,0.8474479386327678,0.08463598174411469
2024-10-10,0.028880277512645942,0.05913390579336553,3.151939946061384,0.8326821898008017,0.07579814407480581
2024-10-11,0.02888023722435945,0.037243047783040266,2.916208881832336,0.8322060187504364,0.07008906024504405
2024-10-14,0.028880193354453354,0.018765292876095362,2.7285119585248503,0.8741932473880798,0.06888638674777171
2024-10-15,0.028880346587267635,0.054534071314821804,2.8518439952735686,0.8451799116180234,0.06961091325629082
2024-10-16,0.028880382807145916,0.033392683513404714,3.170893954854772,0.820526283037615,0.07514103285847047
2024-10-17,0.028880215052082544,0.01430452547378322,2.9075093417654254,0.8054030239635154,0.06762928523889208
2024-10-18,0.028880253418473216,0.0008375426530248285,2.7657609024948786,0.7983415253503315,0.06376822849209952
2024-10-21,0.028879845911998835,-0.01561260257116612,2.776153509693876,0.8407943128203454,0.06741058783342396
2024-10-22,0.02888023465614178,-0.01533431888660215,2.685668310582819,0.8124110181579096,0.06301281727760043
2024-10-23,0.02888064301315722,-0.01266042226028721,2.854718694954618,0.8533557287260864,0.07035586158699679
2024-10-24,0.028880279094667203,0.014733036157651081,2.713774469032643,0.8769597658920492,0.06873133935489947
2024-10-25,0.028879572735385068,-0.00412160369447089,3.070397860629856,0.8740629361217834,0.07750471492929971
2024-10-28,0.028880189819946864,-0.01107141919715926,2.9625811793740717,0.8443270731958953,0.07224054570598575
2024-10-29,0.028880206460065748,-0.016851569803592596,2.88037424953334,0.8156793436094798,0.06785294119582899
2024-10-30,0.028880132344545215,-0.0221793452927521,2.730714787566828,0.8576569528028114,0.06763774715693646
2024-10-31,0.028880169447314846,-0.02621913379170333,2.638883176243031,0.8436637948602872,0.06429679326751674
2024-11-01,0.028880203555298953,-0.007106943220992121,2.536052777564396,0.901058386948923,0.06599506647977053
2024-11-04,0.028880305449962184,0.012813543338209846,2.525807214770583,0.8776921123889978,0.06402420244262218
2024-11-05,0.028880237250631175,0.0033142226006403997,2.7591971692410047,0.8467385063543201,0.06747343227904361
2024-11-06,0.02888017123708282,-0.005680166966328609,2.78671719922054,0.818903994035877,0.06590610580689539
2024-11-07,0.02887992552548605,-0.0051924014604064275,2.6485152096246973,1.085309190423778,0.08301413001988968
2024-11-08,0.028880065192441927,-0.00881348478776463,2.5851111440761803,1.1507721589476336,0.08591455310666535
2024-11-11,0.02888027487373864,6.967167009720486e-05,2.5335576229852137,1.1168049282227355,0.08171643853498006
2024-11-12,0.028880180460292008,0.0014148270618167388,2.4565140379739328,1.2186360453153264,0.08645560866145423
2024-11-13,0.028879267436178118,-0.010361375608437888,3.3231958505005967,1.1910609037000324,0.11430785591301593
2024-11-14,0.028880960823796733,0.13541550009532075,3.5378220126730344,1.1713035508468561,0.11967875898989731
2024-11-15,0.028880236717316043,0.10869830637586032,3.185172337945427,1.1261169481758735,0.10358984391549411
2024-11-18,0.028880234470621532,0.08427441086780005,2.9439188666107365,1.0820178415550101,0.09199431154292745
2024-11-25,0.028880089669208374,0.05753064009906865,2.776015507689227,1.1606615618330323,0.09305206752610143
2024-11-26,0.0288808678245001,0.1571385194914626,2.7800405259200796,1.3224218607020137,0.10617722868265862
2024-11-27,0.028880221283768208,0.12269516360435018,2.651630159805427,1.265235339966956,0.09689129946505008
2024-11-29,0.02888021100168082,0.0921852025153208,2.5919629508069977,1.2120101946124209,0.09072676468891024
2024-12-02,0.028880291634148864,0.06684770167317886,2.581348944775579,1.1901639468190608,0.08872685355164917
2024-12-03,0.028880336692719666,0.07727548343098865,2.5633040349759333,1.1621414889579984,0.08603226941310627
2024-12-04,0.02888021128031578,0.05177948081382532,2.5456789850636397,1.1143647134480406,0.08192781173212023
2024-12-05,0.02888023309820006,0.0312394369383491,2.5022368815429026,1.0713861907377598,0.07742392064356922
2024-12-06,0.028881121296921254,0.27480033253549163,3.0890815112848893,1.0467598856587481,0.09338787422703748
2024-12-09,0.02888023033697587,0.21193481715216608,2.91207857257896,1.0055026137983445,0.08456427800945855
2024-12-10,0.02888021877349632,0.15341842764872823,2.7290208986898996,1.0133482839801695,0.07986676186388234
2024-12-11,0.02887987651989881,0.09839195376129567,2.7346231539260737,1.0609749893848963,0.08379111410587627
2024-12-12,0.028880159419838583,0.06195782164723095,2.6292345833267117,1.0621382477494095,0.08065103970838905
2024-12-13,0.028880743919013165,0.18121276316648177,2.7201329280760085,1.082494364026364,0.08504017542039771
2024-12-16,0.02888030324300795,0.13729526643111323,2.628947198690625,1.0854408118983683,0.08241186820605559
2024-12-17,0.028880136118836816,0.09233139332334858,2.9144963232235552,1.0425274463117395,0.08775063036507125
2024-12-18,0.028880301991989456,0.08868803947725634,2.8256491264876025,1.0075298669766726,0.08222007940964032
2024-12-19,0.028879915349235227,0.03607463961766333,2.7580029260835506,1.079609143709709,0.08599183026950531
2024-12-20,0.028880221399927086,0.023238682159121705,2.7039633976438537,1.036254536769347,0.08092221684470847
2024-12-23,0.02888013516007331,0.010943881093179886,2.6167105028824276,1.046411090056776,0.07907828330329576
2024-12-24,0.02888017094340729,0.0005698805402099116,2.5784433833827003,1.0131012830103603,0.07544148432290051
2024-12-26,0.02888022200254892,-0.00732020659161835,2.4842255127235693,0.9742083058768933,0.06989455962161421
2024-12-27,0.028880044518306322,-0.016236150354291053,2.558301414175179,0.9578921096344971,0.0707727653093315
2024-12-30,0.028880268159185245,0.0011901690565078804,2.502326694436535,0.9393147713718629,0.06788227398913359
2024-12-31,0.028880387631172275,0.054168662483395545,2.6158927532172043,0.9099971053307874,0.06874845832372331
2025-01-02,0.028880289001055624,0.03273397283893278,2.604536830905764,0.8945710249963419,0.06728943246560229
2025-01-03,0.02888012422031776,0.013346846883310401,2.5263592442046794,0.9648086521561967,0.070393952850987
2025-01-06,0.0288802348161691,0.008764206521559912,2.457862473438608,0.9497059952538315,0.06741359358117761
2025-01-07,0.028880278226256644,0.01989984712443573,2.508315155694313,0.9158337181306091,0.06634376345301375
2025-01-08,0.028880159035724013,0.004547641500971525,2.4899230050840484,0.8964039919224701,0.06445984845227631
2025-01-10,0.028880308662313364,-0.004680053057837545,2.550903994860625,0.8774592468160103,0.06464320781038593
2025-01-13,0.02888018592606377,-0.013477400103650256,2.4737906599925723,0.8966036163850208,0.06405653113350854
2025-01-14,0.028880319192404563,0.02516051890986896,2.4541694506717358,0.9002137750798752,0.06380462915735184
2025-01-15,0.02888021859805511,0.010737647175806813,2.3924563100659193,0.8787222371292062,0.06071501528180179
2025-01-16,0.028879992986505787,-0.004230307405309496,2.488824479757001,0.8771190275984664,0.0630448891715532
2025-01-17,0.028877740436124573,-0.02248348051688096,4.747481306460061,0.8712092830356196,0.11943977212864743
2025-01-21,0.028880214872340177,-0.021057178542307868,3.9403269227023063,0.8527366603848376,0.09703929004351015
2025-01-22,0.028882295244944796,-0.0023092599330141366,4.983606370640926,0.9570157513844425,0.13775092420906265
2025-01-23,0.028880183284095622,-0.008427469367150487,4.150911223664316,0.9336591849792212,0.11192620126759968
2025-01-24,0.028880228444669094,-0.011352797125006957,3.5796139117650045,0.9006717460881969,0.09311150591989106
2025-01-27,0.028880564456792858,-0.011582735041302144,3.808722685399438,0.8861628156676914,0.09747619146591141
2025-01-28,0.028879896335565848,-0.015647225366467028,3.5758525060282,0.8943936404009026,0.09236425456120625
2025-01-29,0.028879567787677855,-0.025370345076312084,3.7118356180368433,0.8988391898578093,0.0963521530671764
2025-01-30,0.028880235224902195,-0.020633588918588918,3.2919779955225326,0.8731870037290821,0.0830165943339477
2025-01-31,0.028880026808365763,-0.025474612592585048,3.0468244187444125,0.9683836834847133,0.08521037624461565
2025-02-03,0.02888024180477987,-0.027401083452958396,2.940307623218623,0.9327937876568339,0.07920985897337922
2025-02-04,0.028882291396618284,0.009400140971765785,12.803558779914544,0.910759914818935,0.33679547873987775
2025-02-05,0.028880190222881533,-0.0017636444471499238,8.376786315280544,0.9293019962466081,0.22481969619557443
2025-02-06,0.028880419248233362,-0.0070633649591319,6.708603110763569,0.9140415246242187,0.17709305043629006
2025-02-07,0.028880229052220534,-0.01046028361967212,5.141615242562128,0.8844708151228826,0.13133597871937489
2025-02-10,0.02888022128652257,-0.017231056581124025,4.194967922620089,0.853386029723727,0.10338908453595631
2025-02-11,0.02888008007196171,-0.022992594838210485,3.623824249024492,0.9861633507663429,0.10320824148828393
2025-02-12,0.028880350626025085,0.03109390542821511,3.4162945755380796,0.9536159270885791,0.09408735697766706
2025-02-13,0.028880222350474844,0.012564401285081624,3.114707134095474,0.9178283095291256,0.08256180880542457
2025-02-14,0.028880454269882283,0.003240381537235934,3.0876202807506927,0.9347066263742775,0.0833495436834489
2025-02-18,0.02887749918409437,-0.03374152248980837,4.521438323203986,0.9723237820840963,0.1269542077321525
2025-02-19,0.02888016746110105,-0.03303089619470836,3.806777587709472,1.0687838837415564,0.11750250013908238
2025-02-20,0.02887987107475651,-0.029019772538373654,13.500500593290186,1.026067685296488,0.40005631721406576
2025-02-21,0.028880208246078273,-0.03032876658174199,9.489971197421498,0.9859426834455148,0.27021962272632377
2025-02-24,0.02887995878468636,-0.03430224448256247,9.646341296923747,0.9491986116898806,0.26443338660932614
2025-02-25,0.028880216786351946,-0.03434663190420714,6.743497425850722,0.9261109233104476,0.18036349887910103
2025-02-26,0.028880220429211054,-0.01393937429945364,5.159676559480687,0.9511357884477488,0.14173121334771263
2025-02-27,0.028880207474266506,-0.017555969439620938,4.575161106682427,0.9155482052929579,0.12097285106368015
2025-02-28,0.028877010552900637,-0.043042712810344046,6.425039872024515,0.9607410166796124,0.1782519916490793
2025-03-03,0.028879381203284676,-0.045811563538354264,6.720276063136532,0.9413319201425665,0.18269126498272636
2025-03-04,0.028880878361886016,-0.03442151579718885,6.002817781234686,0.9945685570601834,0.17242501910034863
2025-03-05,0.02888028306631868,-0.03285585100475931,4.827875746507867,0.9942944664400504,0.13863489323802552
2025-03-06,0.02888029506706163,-0.03171020711460064,4.760424102807772,0.957051481377181,0.13157778505190756
2025-03-07,0.02888051278788851,0.07480484620614362,4.346624709638863,0.9317221832566874,0.11696164837621167
2025-03-10,0.02888024196972314,0.05482006697567382,3.963646562992107,0.8973792433863411,0.10272396382095689
2025-03-11,0.02888009722098209,0.02405856037923246,3.539104222093388,0.894583474682943,0.0914350853214015
2025-03-12,0.028879955451538045,0.006859840963793086,3.2913262508045444,0.9341123551941779,0.08879051377494636
2025-03-13,0.028880196861572553,-0.0036687900982171947,3.0227043043673874,0.907977712252338,0.0792630905531203
2025-03-14,0.028880203177293843,-0.010922815094232272,2.813358172973835,1.0450008521297431,0.08490669088589853
2025-03-17,0.02888022314970548,-0.016953260184854477,2.6740181875423463,1.0037029779740334,0.07751220903559883
2025-03-18,0.028880235262064232,-0.021596430356277434,2.5787406910509976,0.9767100529783491,0.07274012746772096
2025-03-19,0.028880119639965014,-0.02652581483286947,2.521889502062241,1.0087367363126705,0.07346878862842303
2025-03-20,0.028880182069782802,-0.029517532234635498,2.498692982271409,0.9764431515828298,0.07046278228452786
2025-03-21,0.02888022786632856,-0.027769542231460928,2.4379590408679244,0.9406168487123947,0.06622771545671045
2025-03-24,0.02888100485793207,0.2492578106374712,2.8170179970894353,0.9301328778287785,0.07567403944235136
2025-03-25,0.028880277698639236,0.18893682485552019,2.709087990201348,0.9053096867056782,0.07083071783196583
2025-03-26,0.028880527198787916,0.13823879938505917,3.3244232464698524,0.8798897946092543,0.08447918353081126
2025-03-27,0.02888023644137265,0.09818493013384783,3.0552555975125766,0.8496326651558155,0.07496861609577717
2025-03-28,0.02888010717466569,0.05922940853300854,2.856083376920315,0.9221873421588413,0.07606569522078165
2025-03-31,0.028879569018442533,0.01941930865780056,3.200202525854518,0.9173568644049838,0.08478255230771606
2025-04-01,0.02888010979360266,0.003692348568597156,2.956337697914512,0.9960994993832534,0.08504633506692089
2025-04-02,0.028879992366872654,-0.010269953567060931,3.512164913608629,0.9597131455655633,0.09734494804334806
2025-04-03,0.028880157062339595,-0.017298278722841787,3.512703846279328,0.9242330470744367,0.09376107547450505
2025-04-04,0.028880149466438628,-0.020072197571914085,3.216914233819602,0.9050777516059113,0.08408621583368857
2025-04-07,0.028880930301036438,0.13962651988790684,3.117672348608034,1.0467743234408255,0.09425289765253528
2025-04-08,0.028880158799538425,0.08486499712074609,2.868176460429567,1.1420904725099934,0.09460322740036423
2025-04-09,0.028880222352044998,0.0649000072907128,2.694760068206886,1.103566491341582,0.08588536010220109
2025-04-10,0.028880152761324218,0.04636635073049188,2.5858690955608252,1.6090734749921127,0.12016608098548895
2025-04-11,0.02888065715140512,0.03559505304833351,2.7298957713564227,1.740220168309944,0.13720101819720912
2025-04-14,0.028878866770323704,0.004641995331740094,3.331756690145356,1.7759303035517868,0.1708753210288573
2025-04-15,0.028880215172876075,-0.002455775586462506,3.027485622133987,1.700466663660599,0.14867934401409033
2025-04-16,0.028880369925285625,-0.007034633111651852,3.3801418414798317,1.628776507607927,0.15900075023695043
2025-04-17,0.028879658512243018,-0.019705660108574004,3.2154185033681473,1.884335807034868,0.17497977795820527
2025-04-21,0.02888017222255516,-0.023676783998530983,3.108441524359241,1.8001208759833358,0.16160103913927634
2025-04-22,0.02887949687904778,-0.035448451478608166,3.1123659195130204,1.9892172095970984,0.17879792810986972
2025-04-23,0.028880104829518853,-0.032751353134415115,2.990929030758963,1.9266650698243806,0.16642213806997677
2025-04-24,0.028878950013284357,-0.038786805381780226,3.654661840125426,1.931406978803984,0.20384609390885358
2025-04-25,0.028880224401682236,-0.037115505182037344,3.244464457895361,1.8938914659537927,0.17745926215058347
2025-04-28,0.02888036934172701,0.017939743961621544,3.10764475425104,1.8259287429188693,0.1638769737316765
2025-04-29,0.028880617727971358,0.01126816384015597,3.387022099847539,1.7966863377135514,0.17575058280957445
2025-04-30,0.028880555450864362,0.11933800591576096,3.4376414673103604,1.7310799626159619,0.17186334114224003
2025-05-01,0.02888008756675076,0.07522594967798514,3.331334163789511,1.664067691201889,0.1600986585321722
2025-05-02,0.028880884438215366,0.22759778851599466,3.347667521732828,1.6701663400462858,0.1614776924049684
2025-05-05,0.028880226988874866,0.1701422361460689,4.161978157865075,1.5940186279755681,0.19159924409316767
2025-05-06,0.0288812449751715,0.13407964492389504,4.257309808492794,1.8066298248525532,0.22213671297202436
2025-05-07,0.028882505939878053,0.12346629965759287,5.739501565932901,1.9593056114867928,0.32479641900837647
2025-05-08,0.028880243553821985,0.0837433165409636,4.58331852957929,1.9025334059389496,0.2518333155404323
2025-05-09,0.02887949642792421,0.035403858699499684,4.620155190767984,1.880317465576846,0.2508865387364028
2025-05-12,0.028880449446263088,0.022613937312058366,4.8329083051121335,1.8040292557946107,0.25180020485081406
2025-05-13,0.028879705832394634,0.0011023053351216603,4.352804810170911,1.85282636897594,0.2329145829644084
2025-05-14,0.028880236968932757,-0.005561169460929854,3.8043626528462644,1.7692951710966989,0.19439404384364709
2025-05-15,0.028880494574956127,0.07068461217212842,3.494996826433416,1.765305990567275,0.1781851089449267
2025-05-16,0.028880238226666237,0.04839334805870654,3.1538213251069402,1.7545630745816567,0.159811063618005
2025-05-19,0.028879738624850392,0.021256850132621397,3.4965256208327244,1.7003425343806027,0.17169845693428473
2025-05-20,0.028880637972560463,0.014303630642780603,3.7626017940703544,1.6699847844533373,0.1814711347988148
2025-05-21,0.028880164104022527,0.0016800900796090938,3.330700728148655,1.7053089259053091,0.16403568400407598
2025-05-22,0.028880591952887197,-0.0015159591927880246,4.009837239715878,1.6436298491530246,0.19034297594143146
2025-05-23,0.028880248091729375,0.0023559831294637347,3.5039851047698685,1.5851865869899129,0.1604144770791393
2025-05-27,0.02887992874109489,-0.01163942142134809,3.2651996232493734,1.667858679583174,0.15727695938190422
2025-05-28,0.028879644369279856,-0.021823315125018245,3.4686810336207676,1.644043466449653,0.1646908617963442
2025-05-29,0.028880211713678133,-0.024589077802705087,3.1490892629324843,1.5715091041470857,0.14292303998746295
2025-05-30,0.028880276079465146,-0.02609824052568204,3.0439253365638557,1.5098907075694206,0.1327335923362737
2025-06-02,0.028879899342708584,-0.03164250071687373,3.3956955148575845,1.452778010010484,0.14247008183317045
2025-06-03,0.02888007928002438,-0.03305330779320127,3.0933114694050237,1.6321838819807406,0.14581127844548372
2025-06-04,0.028880234637532167,-0.024181564115390852,2.866373849383427,1.5731172973473384,0.13022508715078718
2025-06-05,0.028880225256604636,-0.026828304634681274,2.700199865462459,1.5128622076320997,0.1179765960963521
2025-06-06,0.028880209548371998,-0.028068646166597537,2.5915855320735943,1.451695132611571,0.10865289628598768
2025-06-09,0.028879449584101383,-0.03453669436200041,3.105749277768485,1.4285414737813624,0.12812921283962828
2025-06-10,0.028880221775284022,-0.034252047021977566,2.8585724863152775,1.3705116603723346,0.11314424483054823
2025-06-11,0.0288802120990476,-0.03432705477403016,2.8705532244380403,1.3106714791853726,0.10865753070431833
2025-06-12,0.028880657534144982,-0.026019670366322672,4.032442286785231,1.2632105250722296,0.14711297315228497
2025-06-13,0.02887991422867284,-0.03273612754116948,3.717640636403009,1.2713965324189587,0.13650367014714537
2025-06-16,0.028880169619489447,-0.03362891291153194,3.3012511146736094,1.2876211332519245,0.12276269006902006
2025-06-17,0.028880275333385958,-0.00044432207829000884,3.030868252563458,1.2815236534423673,0.1121747252354524
2025-06-18,0.028880225381810634,-0.007447783625925276,2.8348200248265956,1.2267057807481534,0.10043069819282446
2025-06-20,0.02888025681757947,0.0009492400810742519,2.7073826524913196,1.1842061918953874,0.09259297119295375
2025-06-23,0.028880078110672582,-0.010247751945563986,3.477508378134519,1.135322273930141,0.11402122612660992
2025-06-24,0.028880215403000446,-0.01694555339715445,3.135500936926032,1.091031418394789,0.098797196277628
2025-06-25,0.028880505187784886,0.07799003715472255,3.001472062434416,1.1177218972729002,0.09688863788261208
2025-06-26,0.028880224132261257,0.05292833099361662,2.7959422633831474,1.0737550268143767,0.08670296877277385
2025-06-27,0.02888020540385233,0.031645147390050275,2.7084366034086402,1.0318148521145858,0.0807087696978738
2025-06-30,0.028880637440212943,0.12380542924616822,2.710078926227422,1.0888479234327801,0.08522282786560509
2025-07-01,0.028880094398347284,0.08944201718762435,2.639986692762889,1.1053927553239362,0.08427853158124869
2025-07-02,0.028880264344654842,0.06279710601029723,2.578113425576074,1.096625244756155,0.08165098417327632
2025-07-03,0.028880188133457732,0.039571232091384155,2.519225424005953,1.06462191466736,0.07745731710399169
2025-07-07,0.02888029441252718,0.046728106281480775,2.494323246331236,1.0378470698218434,0.074763171124106
2025-07-08,0.028880222475587424,0.026712554439147416,2.422082598743684,0.997001710732211,0.06974055311925317
2025-07-09,0.028880326123319738,0.0477653765620968,2.4196424517311943,0.9952002314993567,0.06954465498209791
2025-07-10,0.02888019867758759,0.028099169201556876,2.3984237440249423,0.9633708609455315,0.06672976534172963
2025-07-11,0.02888016783019705,0.011394551604254437,2.534407488708677,0.9281319148844125,0.06793379283612415
2025-07-14,0.02888030052115551,0.0009477798870005605,2.521967366423132,0.9413220932666752,0.0685613598150717
2025-07-15,0.028880174821915128,-0.008941987975040347,2.510012981846875,0.9121719541275578,0.06612299260184938
2025-07-16,0.02888032751669488,0.02852548801000267,2.529435200295956,0.8873428622430359,0.0648212097951693
2025-07-17,0.028880205891946335,0.011377406636428552,2.4621688600647635,0.8660889419315837,0.0615858036522648
2025-07-18,0.028880249216466345,0.010686155404479192,2.437354976150222,0.8387889749773948,0.05904354630782326
2025-07-21,0.028880218090856946,-0.0021651699519949124,2.388826998179605,0.8120393879263353,0.056022471254188834
2025-07-22,0.02887985020095617,-0.016816896523666195,2.4323653963655367,0.9254935100447028,0.0650125394384295
2025-07-23,0.028880189493612735,-0.022105185418107673,2.3854388405302447,0.9407328805467466,0.06480889974774379
2025-07-24,0.028880449677632727,0.062442976700462165,2.4284629562132785,0.9571416329105297,0.06712922624492855
2025-07-25,0.028880301045507487,0.06404667008168068,2.4275961294595514,0.9370999421764539,0.06569980240916316
2025-07-28,0.028880159667309925,0.033914001782098614,2.400347835513495,0.9344242418716512,0.06477655792634747
2025-07-29,0.028880530406796882,0.11028743236308683,2.54469023823595,0.9174497558882223,0.06742522094719547
2025-07-30,0.0288802158367482,0.07782368325674899,2.4749791232581653,0.885672939485646,0.06330606949726499
2025-07-31,0.028880760658874082,0.16480774976399606,2.552461295649825,0.9555040590441816,0.07043691543356241
2025-08-01,0.028880235963429198,0.1257874720290157,2.487389355881476,0.9371392143288508,0.06732069951937412
2025-08-04,0.028879684442580805,0.08404102504163105,2.531621810083083,1.1169202611049693,0.08166076446142466
2025-08-05,0.028880279348460214,0.058619479524627496,2.542593135950678,1.0863822682627062,0.07977391910316489
2025-08-06,0.028880221878158856,0.03626200991922835,2.6438223789194812,1.0426290154193036,0.07960908029444552
2025-08-07,0.028880109647908075,0.016804736408224375,2.8227908899477336,1.004034735765123,0.0818514322032398
2025-08-08,0.028879840067900116,-0.0022966729546590164,2.9436023673857035,0.997633942057649,0.08480962519647321
2025-08-11,0.028880223144023928,-0.010414621343079095,2.749030913935327,0.9594566134586611,0.07617378029072956
2025-08-12,0.0288803522032618,0.03562583560708688,2.6612657922790985,0.9913749022740203,0.07619538309599361
2025-08-13,0.028880209441282605,0.020445288690347833,2.5845995329983373,0.9546508538296123,0.0712587443337897
2025-08-14,0.02888020838436049,0.0077030051761991705,2.5183012436794106,0.9214822497556642,0.0670185421550606
2025-08-15,0.0288804356761236,0.07248662612930205,2.5824505445883315,0.9037500598417189,0.06740375523206023
2025-08-18,0.0288801918912932,0.04608344955823506,2.8589538340677536,0.8711418869959363,0.07192769008064802
2025-08-19,0.028880378736958392,0.08350748705486317,3.006297613324122,0.8425679334122095,0.07315428719955326
2025-08-20,0.028879982427427026,0.043669107723853795,3.044992625414688,0.8277766390742209,0.07279412593833226
2025-08-21,0.02887990499173275,0.019186788183758956,2.9767443840352956,0.8568061912324183,0.07365799604069821
2025-08-22,0.028880265713498315,0.02289544324635551,2.8213192206705395,0.8329732138237943,0.0678710312637281
2025-08-25,0.02888099685447605,0.020450725052619693,3.260990984280514,0.8691313039462859,0.08185536883607042
2025-08-26,0.028880245560089234,0.015581516050478509,3.007016404258858,0.8418693751073331,0.07311077545104781
2025-08-27,0.028880334308286286,0.003682877204956881,2.9259303236129313,0.8403824449456357,0.07101386786716742
2025-08-28,0.02888021210309952,-0.007468318177618014,2.770417162827909,0.8127671457571662,0.06502969055707049
2025-08-29,0.02888020144298316,-0.015572071620580092,2.629048174434942,0.8163643273770289,0.061984454204267105
2025-09-02,0.028880016520574252,-0.024305765163282245,2.6101042817022644,0.8444951429213116,0.06365792123243146
2025-09-03,0.028879363654767534,-0.037707855411997636,2.6522945840559484,1.123089128336026,0.08602478605516632
2025-09-04,0.02888020659177325,-0.036830591937514943,2.5437672973005023,1.1059233077397734,0.08124613056410944
2025-09-05,0.02888006437457149,-0.03664048021049058,2.703616926709078,1.0680380750295881,0.08339308671022327
2025-09-08,0.028879897372339976,-0.04036428562490752,2.7160039713540094,1.106746788787729,0.08681091160303063
2025-09-09,0.028880163522970893,-0.039115649308400655,2.6069372409236657,1.1222631492709596,0.08449381640300185
2025-09-10,0.02888026118827763,-0.01891527357434292,2.580447867471094,1.0786898969174965,0.08038829493380395
2025-09-11,0.02888022863540432,-0.02341635062366356,2.505820169146436,1.0391003740948306,0.0751983010596005
2025-09-12,0.028880205670172802,-0.02667773205707252,2.47968304423091,0.9996966580868971,0.07159203286038404
2025-09-15,0.02888024112165231,-0.028725046964465147,2.556806584199909,0.9616734383517037,0.07101111170737112
2025-09-16,0.02887964475502544,-0.03845464989994393,2.7682092405924124,0.9797918890882915,0.0783293640804535
2025-09-17,0.02888022845866951,-0.03724913987057551,2.6578835034992867,0.9433823221338866,0.07241429383324269
2025-09-18,0.028880324095827435,0.013730822508801737,2.604814423675844,0.9305404391276819,0.07000258892409712
2025-09-19,0.028880214075890382,0.0010162086864921398,2.5069688873399225,0.9042115980588546,0.0654665456057139
2025-09-22,0.028880565053175076,-0.0024201723628084217,2.688964154542903,0.9299129761602795,0.07221592973023817
2025-09-23,0.028879420408429567,-0.02247092614839153,2.7937504977527334,1.0566394032295212,0.08525166953306569
2025-09-24,0.02888012588629099,-0.0269340876550989,2.7943280905767107,1.0215647679996365,0.08244083559745909
2025-09-25,0.028880221702348458,-0.018836591728441248,2.64548642790615,1.0089955459759745,0.07708951436203157
2025-09-26,0.02888021981318772,-0.022626292886268672,2.5335577216395673,0.9752179951426514,0.07135641195263272
2025-09-29,0.028880204739668573,-0.025885042456625488,2.463755819852553,0.9527805044318111,0.06779392726038984
2025-09-30,0.02887930747677931,-0.040077049036574774,2.672783598315886,1.0591922761797252,0.08175708101713706
2025-10-01,0.02888027868322886,-0.037299645194359125,2.61691348345006,1.0521002930271337,0.07951478447315442
2025-10-02,0.028880217729870972,-0.036621698791639526,2.54162986297836,1.0107285132328545,0.07419032699836291
2025-10-03,0.02888008585736182,-0.03643036938677452,2.6848672318555247,0.9769518078159748,0.07575205787644694
2025-10-06,0.02888071984369646,-0.026556154243419422,3.164140895342026,0.969326976200254,0.08857968403242204
2025-10-07,0.02887961215472129,-0.0370447021001383,3.081735174637699,1.1146384970707397,0.09920206450325979
2025-10-08,0.02888042048882084,-0.032606508915799935,3.2893578142848074,1.0805992478817619,0.10265480713224537
2025-10-09,0.028880610067950056,-0.024947828862118434,3.253042297321386,1.164475502689217,0.10940229429222259
2025-10-10,0.028880327869773816,0.02421651584411469,3.0128633436232155,1.2033275498959926,0.10470451580152981
2025-10-13,0.028880599992717238,0.016493355327096722,3.2745012852607327,1.1903329924146413,0.11256926948308568
2025-10-14,0.02887977764429417,-0.0007111354601231543,3.096624913036551,1.3899463880704837,0.12430268161520382
2025-10-15,0.028880152315485814,-0.009758936952725748,2.9326015165755566,1.3482955920399877,0.11419251785600587
2025-10-16,0.028880491218617528,-0.011306236455101528,2.9368529449733334,1.4055940399502738,0.11921933187655215
2025-10-17,0.02888013277115805,-0.017960941936785647,2.75763305311061,1.5482952970989652,0.12330748957970572
2025-10-20,0.02888022893193392,-0.007284937382751973,2.624451678671523,1.5470512668856153,0.11725838768194981
2025-10-21,0.02888007519072482,-0.013962557654639296,2.5333476207392125,1.8873707336204508,0.13808621414212613
2025-10-22,0.0288796791437515,-0.014986335727038334,2.6051862399830865,2.054411009015162,0.15456760340949027
2025-10-23,0.028880253814362523,-0.008736126333000076,2.7087126056833286,1.9583900436704142,0.153201538663191
2025-10-24,0.028880263408711918,-0.012668403739359697,2.7939033435841636,1.8698188038930206,0.1508731821453433
2025-10-27,0.02888025258218761,-0.006871040760992752,2.7122980574108944,1.785789387060097,0.13988419171365593
2025-10-28,0.02888052086104874,0.07541141764244087,2.6892716810553208,1.8356171888248594,0.14256792078967945
2025-10-29,0.028880272352136027,0.06641224143423571,2.621521148598944,1.762570753422309,0.1334446631280135
2025-10-30,0.028880220623952832,0.04405356169101851,2.5156692381880705,1.685379140975778,0.12244798996819657
2025-10-31,0.02888009487118717,0.0241717499987826,2.4868757769312944,1.7268466209313766,0.12402421098603603
2025-11-03,0.028880287370609527,0.03403836684777004,2.5119636687997544,1.6535839339287282,0.11996128472660772
2025-11-04,0.02888022352332811,0.016547657731099768,2.453216239722006,1.5784683274670503,0.11183358656863969
2025-11-05,0.02888018444078669,0.001934502891268663,2.40147764713141,1.5686127488839408,0.10879132132195383
2025-11-06,0.0288801592957297,-0.007218426519058898,2.3947577267225144,1.5375003735198118,0.10633503968997754
2025-11-07,0.028880235578815902,-0.00864767444798846,2.3995400081828566,1.46913941130494,0.10181030447659772
2025-11-10,0.028880211573489425,-0.015553101477721225,2.363577709256183,1.4146035979224316,0.09656172475059432
2025-11-11,0.028879698073260816,-0.02760211677426503,2.4480610077000624,1.620379719866571,0.11455965159765137
2025-11-12,0.028880216945167375,-0.029582942604395878,2.397584578427032,1.5515737236714262,0.10743525126735363
2025-11-13,0.028880342785568804,-0.028335500185730472,2.447311093750229,1.5689452671912467,0.11089177011246582
2025-11-14,0.02888030590782164,0.00943658965852786,2.464169608378983,1.5120555169648449,0.10760690073206917
2025-11-17,0.02888039510629136,0.0607061250839798,2.4746042860819584,1.5135094743905544,0.10816681330056546
2025-11-18,0.028880237732777612,0.04240412606129823,2.421383274943638,1.476780333945743,0.10327143279294779
2025-11-19,0.028880198232993867,0.024169359765743692,2.392925858875601,1.4259577198332745,0.09854533302276569
2025-11-20,0.02888022720771732,0.009706270465960697,2.4068426951481783,1.3632756846101728,0.09476151626329733
2025-11-21,0.028880238875233985,0.005027384177556983,2.4487359956625774,1.3040826753991155,0.09222483177912398
2025-11-24,0.02888024239138698,0.0029843402142150873,2.4396398894551097,1.2492621791988425,0.088019754265013
2025-11-25,0.028879495736166865,-0.018450539290775718,2.685180061501816,1.2974995134971534,0.10061673563607003
2025-11-26,0.028880192730200736,-0.02334833655429813,2.8610008477772726,1.2418538088045465,0.10260973057813988
2025-11-28,0.028880110693469144,-0.028222586769641546,2.7905518645528513,1.212887624597815,0.09774836840441711
2025-12-01,0.028879941943629264,-0.034130364554355586,2.7887655348308407,1.226976978550435,0.09881997339692916
2025-12-02,0.02888021548619189,-0.03436421240472733,2.6427724314353145,1.183446280109654,0.09032516133734889
2025-12-03,0.028880203968589528,-0.031179155900974066,2.544857032430015,1.146907290485002,0.08429308694449487
2025-12-04,0.02888023467341947,-0.026258584041876983,2.494113690853489,1.1006557695627943,0.07928088303109657
2025-12-05,0.02888022713783693,-0.02623643795188574,2.5028544979450547,1.0560955493958777,0.07633776134924528
2025-12-08,0.028880262345214097,-0.009432915859318533,2.5066574320575836,1.0161449037430772,0.0735617010410579
2025-12-09,0.028880140897713905,-0.01767733129157296,2.592799346552578,0.9802757424954669,0.07340344995021872
2025-12-10,0.028880317262072328,-0.020827360130778242,2.6716564319427185,0.9531997798664475,0.07354726062932954
2025-12-11,0.028880170234077313,-0.02577548859357788,2.623750758291007,0.9247218453233133,0.07007021391490569
2025-12-12,0.028881040511360662,-0.01240863151364332,3.1780443965732412,0.9519635290918332,0.08737619048338985
2025-12-15,0.028880487357205803,-0.013953413988153189,3.406440336134803,0.9310697230577523,0.09159832005413159
2025-12-16,0.02888022284529325,-0.020269356258546478,3.13692698765333,0.8966758579613422,0.08123448425943955
2025-12-17,0.02888024116926135,-0.015030364660180909,3.0256374101301984,0.8645923865085704,0.0755490667216499
2025-12-18,0.028880326289344376,-0.01869004420428609,2.912547153640825,0.873711941115664,0.07349255263886915
2025-12-19,0.028880214433104158,-0.023099667898393652,2.7405117485493387,0.845087596613707,0.06688578204784323
2025-12-22,0.028880219769167534,-0.02655008263668287,2.6846275505402626,0.8161392104622016,0.06327742241866643
2025-12-23,0.028880108983473086,-0.026891977752071305,2.561298450478763,1.0867154055989394,0.08038496709642007
2025-12-24,0.028880256998168912,-0.0277405022166434,2.504255855683503,1.129360315298504,0.08167935028225824
2025-12-26,0.028880186718819704,-0.028878099435611596,2.4841452317749892,1.0889585432591427,0.07812469337045648
2025-12-29,0.02888004516138145,-0.032958064316058744,2.4971475664331737,1.1054680846346603,0.07972385381841512
2025-12-30,0.02888146179265563,0.1986407275610623,2.614492369061785,1.4596890928448583,0.11022165102613497
2025-12-31,0.028880206654757584,0.15882403903045914,2.6560106387207014,1.395130128503787,0.10701504154699155
2026-01-02,0.028880293299219144,0.1368225234398146,2.6123556516378987,1.3451438210935975,0.10148517919980897
2026-01-05,0.028879955857087698,0.09047253878935112,2.999673346414798,1.2933511879664268,0.11204357450826097
2026-01-06,0.028880382763230707,0.06982289772193842,2.876190800148428,1.505889421753938,0.12508744452347823
2026-01-07,0.028880054162763766,0.04739541072813082,2.8270804663109064,1.4812924641219698,0.12094195557653746
2026-01-08,0.02888022990073546,0.03240209321049169,2.672904975090191,1.4357845034669487,0.11083410716028079
2026-01-09,0.028880492499750086,0.021311975398187306,3.3667964119748905,1.3802410571899268,0.13420737829626425
2026-01-12,0.028880147304838205,0.006970335053355053,3.134732680210804,1.3375834476200887,0.12109349148591511
2026-01-13,0.02888024501467593,-0.002755072996436922,2.9089936992222074,1.4156735091376653,0.11893420100653325
2026-01-14,0.028880240000815814,-0.003664509804213907,2.7913727320306823,1.354074563725397,0.10915941753506372
2026-01-15,0.02888021757728838,-0.012142453205016513,2.63827549232162,1.332431179861961,0.10152322167467864
2026-01-16,0.028879826418207643,-0.02359920357629319,3.1437423087982057,1.2847827605310493,0.11664636752299797
2026-01-20,0.02888028921248202,0.003759814629098531,2.974326472985868,1.237432715361522,0.1062947386201513
2026-01-21,0.028887886533900543,0.11298071668499968,6.203383194475222,1.6988607860930873,0.3044403206140412
2026-01-22,0.028880268024161982,0.07469119977422783,4.919010948009963,1.6929298117339786,0.24050159521445333
2026-01-23,0.02888265004954549,0.08341450980117951,8.27536015346454,1.7241747658952418,0.4121024787949065
2026-01-26,0.028881118281640736,0.0656998295994117,8.596186597723426,1.7046445709550333,0.4232078151653502
2026-01-27,0.028880658306556412,0.04479472982016663,7.26854518171455,1.6939804024671008,0.35560099248404414
2026-01-28,0.028878708735678355,-0.003928141559043719,6.731182353874604,1.8060354627143216,0.35107135900853104
2026-01-29,0.028881457636639973,0.008632860835144343,6.209625604581502,2.121666590423708,0.3805061337278912
2026-01-30,0.028880331755967322,-0.0007782504965686144,6.5906542502606005,2.023544073504803,0.3851619480451592
2026-02-02,0.028879990808587067,-0.00674781948696143,5.1665850928540955,2.1759236615624937,0.3246715931364039
2026-02-03,0.028880168346887464,-0.007965182470848379,4.20106663421586,2.301116382647007,0.2791887246836769
2026-02-04,0.028879842622147985,-0.014494873880364745,3.7611388859379904,2.494576255533227,0.2709636146795748
2026-02-05,0.02888022214490107,-0.017429896213274346,3.3103200032241777,2.375458751968881,0.22710045348879024
2026-02-06,0.028882548471556083,0.3855767496467443,4.532206874538617,2.3548928601555073,0.3082594427694444
2026-02-09,0.02888013673865103,0.3264018491835864,3.844439523246184,2.448096946953671,0.27180715877355915
2026-02-10,0.02888037684835361,0.2680043790701479,3.5287817437078064,2.479993455011441,0.2527424484867507
2026-02-11,0.02888015251102469,0.20347522703415757,3.2995608611446063,2.37398986218311,0.2262218167400819
2026-02-12,0.028880116825562747,0.15045102434582355,3.1410504346177204,2.286975408109819,0.20746046649357153
2026-02-13,0.028880251046279587,0.08955160756539825,2.9064346902509537,2.335793749260569,0.1960631719547026
2026-02-17,0.028880387191423242,0.06685920730704151,2.868735660701073,2.3577075490515598,0.19533653403705628
2026-02-18,0.02887991186683962,0.03240824551239748,2.86125240705158,2.3675283348698963,0.19563529970023874
2026-02-19,0.028880068533435097,0.017171251620633987,2.7763650177255568,2.3620559706234374,0.1893934553251427
2026-02-20,0.028880198101986082,0.005569302447624618,2.756072847408605,2.251027785121978,0.17917264959993268
2026-02-23,0.02888027316771561,-0.0029299747256531705,2.668086505336809,2.236641069588958,0.17234452771642092
2026-02-24,0.028880126150861125,-0.011902621923993972,2.5815410288309772,2.309792920467651,0.17220714376888432
2026-02-25,0.028880007270130747,-0.01953221296463641,2.7423783802613313,2.2255068054393,0.17625993326360065
2026-02-26,0.02888013783034836,-0.024480900485550607,2.9935589775773996,2.121998873202906,0.18345613063169888
2026-02-27,0.028880306351587556,-0.025691367992582145,2.987096948967057,2.038264584182637,0.17583756964669375
2026-03-02,0.02888010441211973,-0.02988306479847517,2.8815177290070317,1.9872783810378998,0.16537839129232154
2026-03-03,0.028880203620475314,-0.03137560883402841,2.7122980979862463,1.93924222850085,0.15190418187166732
2026-03-04,0.028880874501136588,0.15063477826776556,2.7560368850875854,2.1030224462853817,0.167393763254991
2026-03-05,0.028880206578834763,0.11350958039294394,2.6385138476937446,2.0142053530501034,0.1534841095866087
2026-03-06,0.02888033447282857,0.1113624071554231,2.622521876467611,1.943333820456416,0.1471867606296555
2026-03-09,0.02888039692932773,0.08106443966035137,2.7038680849250776,1.9175924128039898,0.14974245883598458
2026-03-10,0.028880231249602633,0.05671977122280612,2.607487639433563,1.8293899240280216,0.13776192651627628
2026-03-11,0.028879963599018642,0.0288512062374217,2.7424558857099224,1.7792165246338714,0.1409175537127293
2026-03-12,0.02888016037476484,0.011428650545415489,2.8084046068874193,1.699956908892081,0.13787870325698295
2026-03-13,0.02888053704242197,0.10479431862341267,2.799554559005034,1.6940071829299759,0.13696495146814808
2026-03-16,0.02888073801025843,0.2160532092447164,2.9976672680599066,1.6512462397579295,0.14295638397915925
2026-03-17,0.02888018196866352,0.15987011696106632,3.0401832970068563,1.576861423840064,0.1384500837279103
2026-03-18,0.028880272029185756,0.12969631419945338,2.9455959765302344,1.5079160040601387,0.12827783103801935
2026-03-19,0.028879972193239692,0.04795740611736487,2.8126087396978794,1.6356988124514493,0.13286464486672067
2026-03-20,0.028880406087050944,0.06923690368679125,2.7096261272470232,1.866074679046309,0.14602986602594478
2026-03-23,0.028880316165453144,0.06839029218576566,2.618959905576438,1.9384074389882766,0.146614141223587
2026-03-24,0.028880401404451878,0.08399181032260332,2.5947760579980517,1.934525055546178,0.14496977543199022
2026-03-25,0.028880248584001185,0.06683467280496097,2.7366586624926392,1.844567094102285,0.14578606575983524
2026-03-26,0.028879454250335203,0.03951492673896553,2.855404674801534,2.013543307789833,0.16604187275118285
2026-03-27,0.028875357849483235,-0.018167150392017165,5.539140195734009,2.1210675541729125,0.3392534188844183
2026-03-30,0.02888219921529188,-0.0012743555306208465,6.534402362780395,2.3093418470589455,0.4358372621062023
2026-03-31,0.02888022428298504,-0.006360079195941448,5.106662245303339,2.1996991076021426,0.32441503608247263
2026-04-01,0.028882604879191875,0.017270792030129805,6.49778565561853,2.4252774025474286,0.45515902698774585
2026-04-02,0.028880928345784908,0.015451672215910189,6.766216077350479,2.382882618741121,0.4656500578440507
2026-04-06,0.0288794692457353,-0.006068907866937495,6.661582885246531,2.316986909257099,0.4457488417344622
2026-04-07,0.028879872469148547,-0.01668487306004305,7.603950336081942,2.2106394062808423,0.4854588806216362
2026-04-08,0.028880232815154935,-0.020739947910326576,5.680551652393664,2.1265707839498207,0.3488759612477964
2026-04-09,0.028880209158894377,-0.02447143823711634,4.555907189929253,2.035105916361871,0.26777018545055115
2026-04-10,0.02888021650657614,-0.027271193207608214,3.828545913993611,1.9539845850102984,0.21605058057391938
2026-04-13,0.02888019471821713,-0.029690986167266106,3.5544212798047736,1.8637599239235219,0.19131938946305846
2026-04-14,0.02888022128712459,-0.030503081095353844,3.1652368526487438,1.7812313982857744,0.162827243992804
2026-04-15,0.028879946512268405,-0.035519460648194556,3.0283844373994957,1.8449849205027289,0.16136160730640448
2026-04-16,0.028880936734710205,0.22384138323540279,3.609309193091251,1.7780240691273295,0.1853416387322404
2026-04-17,0.02888015814892141,0.1605338009330291,3.733191727373648,1.6967735329917666,0.18293792264666997
2026-04-20,0.028880216986805294,0.10983479482540584,3.287569689562323,1.6720921883152167,0.1587580067481567
2026-04-21,0.028880592083482082,0.19991683379004124,3.4246167228882087,1.610634576817242,0.15929974616561696
2026-04-22,0.028880199271620707,0.08942543352336169,3.086207769487834,1.6886971949374596,0.15051407978612913
2026-04-23,0.028880160843387237,0.06506334854888843,2.8904430580663236,1.6593297554164843,0.1385149746610571
2026-04-24,0.028880218961863796,0.04238970546633545,2.708654584884135,1.6023577614674414,0.1253468995214733
2026-04-27,0.028880202686279235,0.025096698050749763,2.6169543074778594,1.5357088319506225,0.11606606443200967
2026-04-28,0.028880254696592635,0.023034335761523955,2.54410567349368,1.4805960434947232,0.10878593529177044
2026-04-29,0.028880278753879284,0.030477346243201895,2.488272550783965,1.4888733981401032,0.1069934274062218
2026-04-30,0.02888029767808794,0.04011476452311951,2.4682751928220226,1.4502450827238311,0.1033800279691001
2026-05-01,0.028880280392516656,0.02432724377997584,2.455817231214546,1.462438290016323,0.10372298270026423
2026-05-04,0.028880243707807694,0.01816740447351795,2.4813903587355552,1.3980954837753472,0.10019193796460037
2026-05-05,0.028879853428771977,-0.00022460693018160923,2.5736606193223723,1.4255605912090654,0.10595755861252149
2026-05-06,0.028880090881516454,-0.008585397213686232,2.60926875308475,1.3843164775840167,0.10431643997226889
2026-05-07,0.02888039830401853,-0.01060819870369762,2.590838496398139,1.6553665604694505,0.12386188865691697
2026-05-08,0.028880217009911863,-0.016212546676902105,2.524526615982884,1.5806330812465808,0.11524218213910901
2026-05-11,0.02888022738960606,-0.020683062206718197,2.460387303310786,1.5151125171454225,0.10765866043054738
2026-05-12,0.028880218662375192,-0.024420305013508323,2.419200939655687,1.4478218793802113,0.10115504671506732
2026-05-13,0.02887626502821613,-0.05261821687135235,29.69082925570875,1.3883654002660286,1.190329312904633
2026-05-14,0.028880351792785336,-0.003093870489207606,16.68132258405262,1.3366162536006436,0.6439315405542189
2026-05-15,0.02888023879169664,-0.0020017303708904665,10.266278042635413,1.2948648440804456,0.3839177942536018
2026-05-18,0.028880207551894264,0.00244803876226366,7.089651395976788,1.3662179155181564,0.279733943106121
2026-05-19,0.028880191786018704,-0.003968887485243851,5.687930975541336,1.3072533754686906,0.21474060005079101
2026-05-20,0.028880352613391606,0.029725476167560917,4.624557915484819,1.3167896818530629,0.17586893308746082
2026-05-21,0.02888013599483765,0.016706180380758107,3.9204236268717425,1.334826258938998,0.15113218924015098
2026-05-22,0.02888019144878176,0.005656338924142787,3.661061310979498,1.27747804829582,0.13507050262569373
2026-05-26,0.02888033637419832,0.03609090348504092,3.3560814844189117,1.2392328003840096,0.12011234444953768
2026-05-27,0.02888023475487422,0.023977875128185704,3.177441149981249,1.1867828552642603,0.10890542105503616
2026-05-28,0.02888020089358656,0.007299559311241161,2.907816825999012,1.185645939957999,0.09956857086607339
2026-05-29,0.028880205739688528,-0.0020110243178616386,2.72464963752987,1.1785121247944028,0.0927352830965396
2026-06-01,0.0288799139325823,-0.013708894832344078,2.7831916162331813,1.1773738051256408,0.09463534534530539
2026-06-02,0.028879809074488276,-0.01907970970874766,2.87973031014111,1.1807646724339937,0.09819954741531843
2026-06-03,0.02888017643686763,-0.019608752970060445,3.274164166564119,1.131620033072806,0.10700422365760577
2026-06-04,0.02888010305940343,-0.02076652383369084,3.072295058543255,1.1146280332447207,0.09889893674050006
2026-06-05,0.02888000118283396,-0.025769393454822005,3.0327900221549684,1.0965368985100712,0.09604235477088233
2026-06-08,0.028878980687397304,-0.017707321928492115,3.073080115732154,1.376994590948705,0.12220471910872055
2026-06-09,0.02888020225319133,-0.018424736929691207,3.0182776920024894,1.3170341593043033,0.11480385286944748
2026-06-10,0.02888007535416967,-0.018689371401508458,2.8737552940808895,1.3239327972282553,0.10987883529692469
2026-06-11,0.028881475247758893,0.17849449081617444,2.939274324084,1.6243253145312695,0.13788991584594482
2026-06-12,0.028880375687710135,0.14477006488195523,2.8331183950808527,1.839835936704624,0.15053817954776583
2026-06-15,0.02888021687179009,0.11234833308030492,2.832912361768786,1.754658842879438,0.1435576297316711
2026-06-16,0.02888030649741641,0.08657879878947403,2.72973139546523,1.8731977570799094,0.14767444310920763
2026-06-17,0.028880158134569123,0.060180447217628934,2.8640346323300783,1.7879621792159557,0.14788909797547115
2026-06-18,0.028880111195998603,0.03365522479114277,2.7389773917565,1.794447665575545,0.1419443483468933
2026-06-22,0.028880199863745928,0.02015791660604729,2.654562115409187,1.7160780918837546,0.13156189896385617
2026-06-23,0.028880195726054207,0.008291590844512755,2.5783151215810176,1.6470555112969207,0.12264345159501047
2026-06-24,0.02888134741306387,0.2802672742136167,3.0054345079340656,1.641359642015969,0.1424716552515152
2026-06-25,0.028879986375631266,0.15188684874217728,2.864736564280586,1.7364960520470019,0.14366648806289103
2026-06-26,0.028880082870484058,0.11612357399999289,2.8526452261593693,1.6791794782631404,0.13833858091290888
2026-06-29,0.028880206974151206,0.08692308163329872,2.688381320843563,1.641864609101054,0.1274760248450458
2026-06-30,0.028880433360429583,0.1170344021064354,2.6979401271962837,1.6025857245785324,0.12486976174669155
2026-07-01,0.028880235139617044,0.08816061027379167,2.6303557651096225,1.5306019479480408,0.11627262543797817
2026-07-02,0.028880214582361636,0.05946518739634065,2.5300379618767845,1.4719825672762321,0.10755487998710467
2026-07-06,0.02887994299167625,0.031502065849240896,2.5450705064759362,1.552968474725569,0.11414549858080483
2026-07-07,0.02888012226294513,0.012708204253811245,2.531831724633135,1.5217886857942429,0.11127259483729664
2026-07-08,0.028880292593798085,0.029149583138396377,2.4959797113328754,1.4847929597219056,0.10703074277096733
2026-07-09,0.02888042417811357,0.08613486084899732,2.591030531433826,1.4352032485601232,0.1073963463590843
2026-07-10,0.028880193384601287,0.055217891915348434,2.5112593458964034,1.4040665836485409,0.10183084941267838
2026-07-13,0.028880197965589452,0.03044662254527072,2.4950062059075537,1.34532299612688,0.0969389612865645
2026-07-14,0.028880042244371948,0.005962232390135934,2.463340175758178,1.439223516390172,0.1023883303004476
2026-07-15,0.028880223770643556,-0.0012983445977946886,2.4080345005577493,1.4357491648525864,0.09984856579722212
2026-07-16,0.02888022409413991,-0.0067866490632837945,2.5179151474678356,1.3722498245729358,0.09978719922034147
2026-07-17,0.028880066015917513,-0.010833373827586255,2.4964626512878176,1.400987585185337,0.10100841156844172
2026-07-20,0.028880201202029176,-0.015149044672831319,2.4367585290816196,1.3670712553293698,0.0962063772410792
2026-07-21,0.02888023067716725,-0.015880056878968565,2.398602937696627,1.30919098467988,0.0906905477720999
2026-07-22,0.02888014864309044,-0.02033988246347591,2.3656982805417606,1.401653228108925,0.09576335656607506
2026-07-23,0.028879942920763544,-0.027078213820626185,2.494750635985842,1.3906056581192137,0.10019071240784813
2026-07-24,0.028880088100498802,-0.021337529431837296,2.4697383845308387,1.4170077166486241,0.1010698638385278
2026-07-27,0.02888022535980547,-0.022525316880743388,2.4609438074703753,1.3545625129010468,0.09627229558076389
2026-07-28,0.028880266285968022,-0.024242358612814936,2.4685300355238815,1.3136681612409302,0.0936537740717198
2026-07-29,0.02888105909970325,0.2237789786028385,2.8002405710377807,1.3045587843785915,0.10550477418634746
2026-07-30,0.02888016706373297,0.16652059163939395,2.7567876802903886,1.253549302881131,0.09980319399049692
2026-07-31,0.028880179463245947,0.11800384188253926,2.6205124433333844,1.3101536932585103,0.09915357087983309
2026-08-03,0.028880166418510624,0.062305395265494744,2.535175883917364,1.3057294946682418,0.09560068426470526
2026-08-04,0.028880230579485893,0.04316457029586956,2.517793215864316,1.2495764179103301,0.0908622602439354
2026-08-05,0.028878580495771817,0.001147198787330243,4.751812569311106,1.211684173068446,0.16627408982106737
2026-08-06,0.02888718415623948,0.05129138442918028,8.051107047522697,1.6880400040776635,0.39259389846127046
2026-08-07,0.02888022282888478,0.037965447339750304,5.96678778208614,1.6108993201590536,0.27759365155108356
2026-08-10,0.028880181806737123,0.02414898132712479,4.694395188216955,1.7022667978021755,0.23078479814568909
2026-08-11,0.028880159616316077,0.011366273927635093,3.9878032682413638,1.6576147537106938,0.19090483055616747
2026-08-12,0.028880216988309643,0.0008516980834564275,3.4682703007917906,1.5858789326813691,0.15884860995831693
2026-08-13,0.028880186828493148,-0.008229008267732438,3.1423028392412733,1.5436014718360325,0.14008228595084804
2026-08-14,0.028880293334440293,0.01571281621166023,2.9332307209577317,1.5185307146771185,0.12863862980463542
