"date","TCI","band"
2024-07-09,43.2920479477362,"Total"
2024-07-10,43.9873636771026,"Total"
2024-07-11,43.9438960313185,"Total"
2024-07-12,46.7052488629194,"Total"
2024-07-15,46.355006568474,"Total"
2024-07-16,46.8463067935751,"Total"
2024-07-17,48.0210890932203,"Total"
2024-07-18,47.073299014762,"Total"
2024-07-19,48.8547188076952,"Total"
2024-07-22,48.7825018315641,"Total"
2024-07-23,49.0626648981051,"Total"
2024-07-24,49.2747819726726,"Total"
2024-07-25,50.0075599418908,"Total"
2024-07-26,50.3376275345857,"Total"
2024-07-29,49.698415073755,"Total"
2024-07-30,49.5269158725379,"Total"
2024-07-31,49.5710054566188,"Total"
2024-08-01,49.041510818305,"Total"
2024-08-02,49.9205391009645,"Total"
2024-08-05,50.7826438335512,"Total"
2024-08-06,50.160040901315,"Total"
2024-08-07,50.2724642526362,"Total"
2024-08-08,50.2697811733814,"Total"
2024-08-09,50.1447344363041,"Total"
2024-08-12,50.0834935202461,"Total"
2024-08-13,50.0354666373844,"Total"
2024-08-14,49.9867727044578,"Total"
2024-08-15,49.9424733553681,"Total"
2024-08-16,49.5802387386204,"Total"
2024-08-19,49.2229751539424,"Total"
2024-08-20,48.890914685397,"Total"
2024-08-21,48.7558259968625,"Total"
2024-08-22,48.8868610860939,"Total"
2024-08-23,49.0038545058655,"Total"
2024-08-26,49.1566916940733,"Total"
2024-08-27,48.6834465418631,"Total"
2024-08-28,48.5920272193826,"Total"
2024-08-29,47.4063473440302,"Total"
2024-08-30,47.7660378435366,"Total"
2024-09-03,48.041687998519,"Total"
2024-09-04,47.9054313051814,"Total"
2024-09-05,47.8277339963534,"Total"
2024-09-06,47.7216138611098,"Total"
2024-09-09,46.8642669928629,"Total"
2024-09-10,46.8391771680085,"Total"
2024-09-11,46.6747362490921,"Total"
2024-09-12,46.63277339205,"Total"
2024-09-13,47.0003452852805,"Total"
2024-09-16,47.1035490316168,"Total"
2024-09-17,47.0084056500997,"Total"
2024-09-18,46.7455021873422,"Total"
2024-09-19,46.851047164201,"Total"
2024-09-20,46.8713718117651,"Total"
2024-09-23,46.6096572709648,"Total"
2024-09-24,46.504892719558,"Total"
2024-09-25,46.480293985859,"Total"
2024-09-26,46.3720747980918,"Total"
2024-09-27,46.348267133287,"Total"
2024-09-30,46.3930450657722,"Total"
2024-10-01,46.3037000581328,"Total"
2024-10-02,46.4365760107005,"Total"
2024-10-03,46.0555897403774,"Total"
2024-10-04,46.1693521108237,"Total"
2024-10-07,45.9973503995044,"Total"
2024-10-08,45.7342670701527,"Total"
2024-10-09,45.7233312059888,"Total"
2024-10-10,45.5747516399568,"Total"
2024-10-11,45.7192803208913,"Total"
2024-10-14,45.8024668193509,"Total"
2024-10-15,46.0566969971737,"Total"
2024-10-16,46.022351500651,"Total"
2024-10-17,45.9616385319907,"Total"
2024-10-18,46.0614750813064,"Total"
2024-10-21,45.9420503222389,"Total"
2024-10-22,45.889440639811,"Total"
2024-10-23,45.9601057131027,"Total"
2024-10-24,45.9516761622951,"Total"
2024-10-25,45.8739718639199,"Total"
2024-10-28,45.7926227280629,"Total"
2024-10-29,45.6987370243072,"Total"
2024-10-30,45.5474107762037,"Total"
2024-10-31,46.3400486006708,"Total"
2024-11-01,46.3596642423276,"Total"
2024-11-04,46.4065455578127,"Total"
2024-11-05,46.4240391079267,"Total"
2024-11-06,46.962033749365,"Total"
2024-11-07,47.031632571732,"Total"
2024-11-08,46.9908808950624,"Total"
2024-11-11,46.5860020440176,"Total"
2024-11-12,46.4876034027435,"Total"
2024-11-13,46.2932023366718,"Total"
2024-11-14,46.4245013363543,"Total"
2024-11-15,46.3936954012534,"Total"
2024-11-18,45.9640724228438,"Total"
2024-11-25,44.9361070788831,"Total"
2024-11-26,44.5166295265847,"Total"
2024-11-27,44.2612071763985,"Total"
2024-11-29,44.4086153955387,"Total"
2024-12-02,44.2109699096839,"Total"
2024-12-03,43.986290702872,"Total"
2024-12-04,43.8685224345052,"Total"
2024-12-05,43.7871650758347,"Total"
2024-12-06,44.0015697388134,"Total"
2024-12-09,43.8234349200316,"Total"
2024-12-10,43.6434201779262,"Total"
2024-12-11,44.0121858882644,"Total"
2024-12-12,43.6557222345062,"Total"
2024-12-13,43.4096134677625,"Total"
2024-12-16,43.2278805495304,"Total"
2024-12-17,43.281686375423,"Total"
2024-12-18,43.8916228213403,"Total"
2024-12-19,44.0320191631397,"Total"
2024-12-20,44.0597280612509,"Total"
2024-12-23,43.7059756576801,"Total"
2024-12-24,43.6419188300992,"Total"
2024-12-26,43.3934767333756,"Total"
2024-12-27,43.4325707904674,"Total"
2024-12-30,43.502929306943,"Total"
2024-12-31,43.3329764814003,"Total"
2025-01-02,43.4558422931638,"Total"
2025-01-03,43.3823289355693,"Total"
2025-01-06,43.3344566011505,"Total"
2025-01-07,43.5109062902017,"Total"
2025-01-08,43.5305896991132,"Total"
2025-01-10,43.3713137782262,"Total"
2025-01-13,43.2398435916661,"Total"
2025-01-14,43.2201700640367,"Total"
2025-01-15,43.7200624688244,"Total"
2025-01-16,43.2836005551902,"Total"
2025-01-17,43.5169506281025,"Total"
2025-01-21,43.2950377876306,"Total"
2025-01-22,43.1973074451223,"Total"
2025-01-23,43.1681380790413,"Total"
2025-01-24,43.1684801094265,"Total"
2025-01-27,43.7622290460696,"Total"
2025-01-28,43.61187623819,"Total"
2025-01-29,43.4693795479548,"Total"
2025-01-30,43.4256474114693,"Total"
2025-01-31,43.2482023474228,"Total"
2025-02-03,45.4244908903132,"Total"
2025-02-04,44.4742818773544,"Total"
2025-02-05,44.1931624727649,"Total"
2025-02-06,44.1299847334714,"Total"
2025-02-07,44.0950809466703,"Total"
2025-02-10,44.1028340873268,"Total"
2025-02-11,44.0912068148706,"Total"
2025-02-12,44.154301927559,"Total"
2025-02-13,44.2043239321789,"Total"
2025-02-14,43.8984630374722,"Total"
2025-02-18,43.6322880910137,"Total"
2025-02-19,43.2757280187171,"Total"
2025-02-20,42.9408456407621,"Total"
2025-02-21,43.6753664924509,"Total"
2025-02-24,43.7676604621831,"Total"
2025-02-25,43.6420160377619,"Total"
2025-02-26,43.4198105280321,"Total"
2025-02-27,43.9779778303599,"Total"
2025-02-28,43.88227007751,"Total"
2025-03-03,43.8989106030676,"Total"
2025-03-04,44.0010878845754,"Total"
2025-03-05,43.7643745932976,"Total"
2025-03-06,43.7334991388246,"Total"
2025-03-07,43.553979846558,"Total"
2025-03-10,44.6852597607801,"Total"
2025-03-11,44.5813559020145,"Total"
2025-03-12,44.6264037480121,"Total"
2025-03-13,44.2883727501058,"Total"
2025-03-14,44.7725468904861,"Total"
2025-03-17,44.7168368436663,"Total"
2025-03-18,44.6344829926097,"Total"
2025-03-19,44.6653861656457,"Total"
2025-03-20,44.6256641964072,"Total"
2025-03-21,44.5871409933455,"Total"
2025-03-24,45.1420543691598,"Total"
2025-03-25,45.005047986939,"Total"
2025-03-26,44.8186168640291,"Total"
2025-03-27,44.727764197216,"Total"
2025-03-28,45.0670200125168,"Total"
2025-03-31,44.9103109099872,"Total"
2025-04-01,44.8446213153997,"Total"
2025-04-02,44.7745248089963,"Total"
2025-04-03,44.8082109416362,"Total"
2025-04-04,45.1858694652356,"Total"
2025-04-07,45.2877651009204,"Total"
2025-04-08,45.3427456317891,"Total"
2025-04-09,46.8072851028647,"Total"
2025-04-10,45.7806218704635,"Total"
2025-04-11,46.3033221896904,"Total"
2025-04-14,46.1710394313643,"Total"
2025-04-15,46.1326750450414,"Total"
2025-04-16,45.7196033739437,"Total"
2025-04-17,45.7789863200914,"Total"
2025-04-21,45.2092605259104,"Total"
2025-04-22,45.0228921832955,"Total"
2025-04-23,44.9510025202494,"Total"
2025-04-24,44.958500836548,"Total"
2025-04-25,44.5568043675005,"Total"
2025-04-28,44.5074330021252,"Total"
2025-04-29,44.3611180741331,"Total"
2025-04-30,44.3507762465706,"Total"
2025-05-01,44.3720968182675,"Total"
2025-05-02,44.3400387868833,"Total"
2025-05-05,44.2893387962819,"Total"
2025-05-06,44.18352617683,"Total"
2025-05-07,44.0468646952341,"Total"
2025-05-08,43.9787068890958,"Total"
2025-05-09,43.7955467535802,"Total"
2025-05-12,44.4103127017574,"Total"
2025-05-13,44.5125624256266,"Total"
2025-05-14,44.5751150916993,"Total"
2025-05-15,44.7171775407307,"Total"
2025-05-16,44.7435806008524,"Total"
2025-05-19,44.649452095152,"Total"
2025-05-20,44.6120074934656,"Total"
2025-05-21,44.4347535836544,"Total"
2025-05-22,44.3697127116614,"Total"
2025-05-23,44.4720934066636,"Total"
2025-05-27,44.3339903333089,"Total"
2025-05-28,44.3012742435938,"Total"
2025-05-29,44.3385329451052,"Total"
2025-05-30,44.3220446404476,"Total"
2025-06-02,44.2703029343214,"Total"
2025-06-03,44.2572469536625,"Total"
2025-06-04,44.1958974433045,"Total"
2025-06-05,44.1058492679505,"Total"
2025-06-06,44.209523503776,"Total"
2025-06-09,44.1187813733931,"Total"
2025-06-10,43.8475561278919,"Total"
2025-06-11,43.8781645765464,"Total"
2025-06-12,43.881256592337,"Total"
2025-06-13,43.7698050480246,"Total"
2025-06-16,43.6537757796041,"Total"
2025-06-17,43.6509340700485,"Total"
2025-06-18,43.6578115712976,"Total"
2025-06-20,43.7541125319409,"Total"
2025-06-23,43.7107294995499,"Total"
2025-06-24,43.6695925348416,"Total"
2025-06-25,43.6685853703747,"Total"
2025-06-26,43.5976753332224,"Total"
2025-06-27,43.5609709834487,"Total"
2025-06-30,43.5282344569746,"Total"
2025-07-01,43.4896193488712,"Total"
2025-07-02,43.6090150131419,"Total"
2025-07-03,43.4483162815343,"Total"
2025-07-07,43.3455720752873,"Total"
2025-07-08,43.3407963814022,"Total"
2025-07-09,43.3193276632879,"Total"
2025-07-10,43.20518991327,"Total"
2025-07-11,43.0688407322582,"Total"
2025-07-14,43.0226613945887,"Total"
2025-07-15,43.0152566053755,"Total"
2025-07-16,42.8785309039109,"Total"
2025-07-17,42.8549501055218,"Total"
2025-07-18,42.6912789122333,"Total"
2025-07-21,42.5872318773242,"Total"
2025-07-22,42.4778889175265,"Total"
2025-07-23,42.5261413847668,"Total"
2025-07-24,42.4634480207474,"Total"
2025-07-25,42.4225789249582,"Total"
2025-07-28,42.444029464811,"Total"
2025-07-29,42.4413559253564,"Total"
2025-07-30,42.5147095839466,"Total"
2025-07-31,42.5643819760926,"Total"
2025-08-01,43.7315386055303,"Total"
2025-08-04,43.6169337144991,"Total"
2025-08-05,43.7391523834768,"Total"
2025-08-06,43.7194507532525,"Total"
2025-08-07,43.782486215459,"Total"
2025-08-08,43.6450729191741,"Total"
2025-08-11,43.5813089543396,"Total"
2025-08-12,43.7106821567339,"Total"
2025-08-13,43.7246245582245,"Total"
2025-08-14,43.7499411441508,"Total"
2025-08-15,43.7489474050372,"Total"
2025-08-18,43.7193025369204,"Total"
2025-08-19,43.9183284529696,"Total"
2025-08-20,43.7543457262021,"Total"
2025-08-21,43.7463258136317,"Total"
2025-08-22,44.3586436732443,"Total"
2025-08-25,44.3748789619387,"Total"
2025-08-26,44.1758503166503,"Total"
2025-08-27,44.1299984748018,"Total"
2025-08-28,44.0733650189513,"Total"
2025-08-29,43.899280618348,"Total"
2025-09-02,43.9283106412615,"Total"
2025-09-03,43.860869782037,"Total"
2025-09-04,43.7459732035524,"Total"
2025-09-05,43.8473595345117,"Total"
2025-09-08,43.8492513119006,"Total"
2025-09-09,43.9343591378848,"Total"
2025-09-10,43.9295848616617,"Total"
2025-09-11,43.9282632830512,"Total"
2025-09-12,43.8524999376562,"Total"
2025-09-15,43.6602216753963,"Total"
2025-09-16,43.6322441385124,"Total"
2025-09-17,43.6008847229126,"Total"
2025-09-18,43.720292325685,"Total"
2025-09-19,43.5660553590984,"Total"
2025-09-22,43.4578124028839,"Total"
2025-09-23,43.2552362111379,"Total"
2025-09-24,43.2834674817874,"Total"
2025-09-25,43.4046826507592,"Total"
2025-09-26,43.4589854959031,"Total"
2025-09-29,43.3451651695629,"Total"
2025-09-30,43.1866123239055,"Total"
2025-10-01,43.2148928678062,"Total"
2025-10-02,43.2600193121476,"Total"
2025-10-03,43.0855404306219,"Total"
2025-10-06,43.0425243034727,"Total"
2025-10-07,43.2335940235155,"Total"
2025-10-08,43.2152365948389,"Total"
2025-10-09,43.2030867363404,"Total"
2025-10-10,45.3318507207668,"Total"
2025-10-13,45.4897088124668,"Total"
2025-10-14,45.274036004142,"Total"
2025-10-15,45.0558981642627,"Total"
2025-10-16,45.0505178917709,"Total"
2025-10-17,44.7520454616514,"Total"
2025-10-20,44.8535728250656,"Total"
2025-10-21,44.9097923451772,"Total"
2025-10-22,44.8434518401804,"Total"
2025-10-23,44.9176558189018,"Total"
2025-10-24,44.8978459159113,"Total"
2025-10-27,44.8787836502659,"Total"
2025-10-28,44.8761645886001,"Total"
2025-10-29,44.9841241289966,"Total"
2025-10-30,44.9298206929922,"Total"
2025-10-31,44.8134869630284,"Total"
2025-11-03,44.6932410140964,"Total"
2025-11-04,44.7523084874684,"Total"
2025-11-05,45.0427825142498,"Total"
2025-11-06,45.1646855937927,"Total"
2025-11-07,45.1124914369933,"Total"
2025-11-10,45.2443588927605,"Total"
2025-11-11,45.5296135145711,"Total"
2025-11-12,45.4144246948845,"Total"
2025-11-13,45.3009377316836,"Total"
2025-11-14,45.4612840144764,"Total"
2025-11-17,45.2666943196191,"Total"
2025-11-18,45.2160066967725,"Total"
2025-11-19,45.1198616662731,"Total"
2025-11-20,45.492202867317,"Total"
2025-11-21,45.4499583357029,"Total"
2025-11-24,45.8941505068375,"Total"
2025-11-25,45.9500773020283,"Total"
2025-11-26,45.8861320762418,"Total"
2025-11-28,45.71350079757,"Total"
2025-12-01,45.3744117828015,"Total"
2025-12-02,45.2223720686386,"Total"
2025-12-03,45.1458242609652,"Total"
2025-12-04,45.1504563971566,"Total"
2025-12-05,45.1553270456423,"Total"
2025-12-08,45.2191028019764,"Total"
2025-12-09,45.1510445852783,"Total"
2025-12-10,45.1418811135343,"Total"
2025-12-11,45.0571431004503,"Total"
2025-12-12,45.2120112620475,"Total"
2025-12-15,45.2107114835043,"Total"
2025-12-16,44.9440687851828,"Total"
2025-12-17,44.9918976474975,"Total"
2025-12-18,44.7629718916101,"Total"
2025-12-19,44.9629186219759,"Total"
2025-12-22,44.2048339659825,"Total"
2025-12-23,44.2285219914333,"Total"
2025-12-24,44.2240304801016,"Total"
2025-12-26,44.2050954708094,"Total"
2025-12-29,44.1398050035286,"Total"
2025-12-30,44.0285566777353,"Total"
2025-12-31,43.9873259052766,"Total"
2026-01-02,43.9793469808335,"Total"
2026-01-05,44.0239251040301,"Total"
2026-01-06,44.1462098391285,"Total"
2026-01-07,44.1452514776377,"Total"
2026-01-08,44.114540922051,"Total"
2026-01-09,44.1062827502593,"Total"
2026-01-12,44.0511034977158,"Total"
2026-01-13,44.0672950585426,"Total"
2026-01-14,43.9439744089719,"Total"
2026-01-15,43.8568664436016,"Total"
2026-01-16,43.6917347736116,"Total"
2026-01-20,45.01545980156,"Total"
2026-01-21,45.1073754378726,"Total"
2026-01-22,44.9344894579661,"Total"
2026-01-23,44.5385273508673,"Total"
2026-01-26,44.5491558456121,"Total"
2026-01-27,44.6680952634968,"Total"
2026-01-28,44.8039091762887,"Total"
2026-01-29,45.0695989370036,"Total"
2026-01-30,45.3712664431408,"Total"
2026-02-02,45.1059141057781,"Total"
2026-02-03,44.6253911942735,"Total"
2026-02-04,44.6670458728181,"Total"
2026-02-05,44.7830130300389,"Total"
2026-02-06,45.8430067874496,"Total"
2026-02-09,45.4887640121453,"Total"
2026-02-10,45.5694014846944,"Total"
2026-02-11,45.6159043120419,"Total"
2026-02-12,46.0507867901709,"Total"
2026-02-13,46.2763290255008,"Total"
2026-02-17,46.1265658688252,"Total"
2026-02-18,46.1287658649143,"Total"
2026-02-19,46.0970764068487,"Total"
2026-02-20,45.9964911573982,"Total"
2026-02-23,45.7247384477109,"Total"
2026-02-24,45.6188117154765,"Total"
2026-02-25,45.7274086474831,"Total"
2026-02-26,45.6769532896598,"Total"
2026-02-27,45.713530340546,"Total"
2026-03-02,45.8610075868043,"Total"
2026-03-03,46.1186541461578,"Total"
2026-03-04,45.8845212990089,"Total"
2026-03-05,45.7719882384552,"Total"
2026-03-06,45.7354546033515,"Total"
2026-03-09,45.4360673859298,"Total"
2026-03-10,45.4824520744727,"Total"
2026-03-11,45.5040247891594,"Total"
2026-03-12,45.4602075776504,"Total"
2026-03-13,45.5168334285862,"Total"
2026-03-16,45.2282514415976,"Total"
2026-03-17,45.2172388254589,"Total"
2026-03-18,45.539751258847,"Total"
2026-03-19,45.4173772343588,"Total"
2026-03-20,45.493217188075,"Total"
2026-03-23,45.3535285137842,"Total"
2026-03-24,45.2708870501624,"Total"
2026-03-25,45.1749525786841,"Total"
2026-03-26,46.6591942998268,"Total"
2026-03-27,46.7710517404245,"Total"
2026-03-30,46.4944874559624,"Total"
2026-03-31,46.8187810736969,"Total"
2026-04-01,47.0153809559601,"Total"
2026-04-02,46.6444885645312,"Total"
2026-04-06,46.4711792323892,"Total"
2026-04-07,46.5714625532744,"Total"
2026-04-08,46.3544273016605,"Total"
2026-04-09,46.2096747953699,"Total"
2026-04-10,46.0662075496336,"Total"
2026-04-13,46.0942038820748,"Total"
2026-04-14,46.0345184746425,"Total"
2026-04-15,46.0867038043455,"Total"
2026-04-16,46.0049598708525,"Total"
2026-04-17,46.2027214988754,"Total"
2026-04-20,46.1773444900002,"Total"
2026-04-21,46.1737507456333,"Total"
2026-04-22,46.3008670134039,"Total"
2026-04-23,46.1602152871443,"Total"
2026-04-24,45.9049439791966,"Total"
2026-04-27,45.8899381389565,"Total"
2026-04-28,46.0270187028589,"Total"
2026-04-29,45.8908045428013,"Total"
2026-04-30,45.873157236171,"Total"
2026-05-01,45.79972423024,"Total"
2026-05-04,45.6894085509594,"Total"
2026-05-05,45.6564691617066,"Total"
2026-05-06,46.0185400537694,"Total"
2026-05-07,46.0033989967017,"Total"
2026-05-08,46.3322173436205,"Total"
2026-05-11,46.3916778861522,"Total"
2026-05-12,47.4635935650048,"Total"
2026-05-13,47.15792878286,"Total"
2026-05-14,47.1782929826327,"Total"
2026-05-15,47.3470343008552,"Total"
2026-05-18,47.4703371297933,"Total"
2026-05-19,47.4455199142141,"Total"
2026-05-20,47.653316942577,"Total"
2026-05-21,47.6932846496025,"Total"
2026-05-22,47.5732461561023,"Total"
2026-05-26,47.4136183334467,"Total"
2026-05-27,47.3658104011396,"Total"
2026-05-28,47.2662022454752,"Total"
2026-05-29,47.2178250314188,"Total"
2026-06-01,47.133421788187,"Total"
2026-06-02,46.4665932877208,"Total"
2026-06-03,46.5678016879374,"Total"
2026-06-04,46.5200676817773,"Total"
2026-06-05,48.6713832438137,"Total"
2026-06-08,48.4534408864649,"Total"
2026-06-09,48.3963494210816,"Total"
2026-06-10,48.5774528381758,"Total"
2026-06-11,49.2889449280804,"Total"
2026-06-12,48.9795754553035,"Total"
2026-06-15,49.8140910546693,"Total"
2026-06-16,49.1131199549284,"Total"
2026-06-17,49.2590702123449,"Total"
2026-06-18,48.9915553098458,"Total"
2026-06-22,48.8917785267829,"Total"
2026-06-23,48.970814590118,"Total"
2026-06-24,48.2126229578071,"Total"
2026-06-25,48.0474460930369,"Total"
2026-06-26,47.5511642600273,"Total"
2026-06-29,47.3620151740458,"Total"
2026-06-30,47.1584756414364,"Total"
2026-07-01,46.7513005219298,"Total"
2026-07-02,46.5141576606447,"Total"
2026-07-06,46.5117091661318,"Total"
2026-07-07,46.9394171331764,"Total"
2026-07-08,46.8753183898806,"Total"
2026-07-09,47.0247645786145,"Total"
2026-07-10,46.9141924296804,"Total"
2026-07-13,47.6108873106919,"Total"
2026-07-14,48.0455850113613,"Total"
2026-07-15,47.9083083682065,"Total"
2026-07-16,48.0100465859791,"Total"
2026-07-17,47.9119374329624,"Total"
2026-07-20,47.7942021459437,"Total"
2026-07-21,47.5854336115949,"Total"
2026-07-22,47.5171753140525,"Total"
2026-07-23,47.9012510478815,"Total"
2026-07-24,47.8577719070655,"Total"
2026-07-27,47.675204409477,"Total"
2026-07-28,47.5402968336174,"Total"
2026-07-29,47.3620612962342,"Total"
2026-07-30,47.4451665589977,"Total"
2026-07-31,47.0576392397498,"Total"
2026-08-03,46.7044376407631,"Total"
2026-08-04,47.0277430807269,"Total"
2026-08-05,46.8952846036801,"Total"
2026-08-06,46.7733376905465,"Total"
2026-08-07,46.9181777120401,"Total"
2026-08-10,46.8810049189905,"Total"
2026-08-11,46.8023421233631,"Total"
2026-08-12,46.7201624581062,"Total"
2026-08-13,46.5880366284996,"Total"
2026-08-14,46.4416082193891,"Total"
2024-07-09,36.0073585982682,"1-5"
2024-07-10,36.5717002351685,"1-5"
2024-07-11,36.5184508429257,"1-5"
2024-07-12,38.7786970594408,"1-5"
2024-07-15,38.4347886954934,"1-5"
2024-07-16,39.0254260906871,"1-5"
2024-07-17,40.1631011908859,"1-5"
2024-07-18,39.1447385534251,"1-5"
2024-07-19,41.2742016830722,"1-5"
2024-07-22,41.2171974437845,"1-5"
2024-07-23,41.8148042759588,"1-5"
2024-07-24,42.0656527540895,"1-5"
2024-07-25,41.8253730066692,"1-5"
2024-07-26,42.9744606341572,"1-5"
2024-07-29,42.4061780471706,"1-5"
2024-07-30,42.1353505744498,"1-5"
2024-07-31,42.1615561894628,"1-5"
2024-08-01,41.6437182299016,"1-5"
2024-08-02,42.1127621220717,"1-5"
2024-08-05,42.1964755368688,"1-5"
2024-08-06,41.8422500594779,"1-5"
2024-08-07,41.8910890291572,"1-5"
2024-08-08,41.7896277406255,"1-5"
2024-08-09,41.7018869296106,"1-5"
2024-08-12,41.6331492663634,"1-5"
2024-08-13,41.5450601655449,"1-5"
2024-08-14,41.4816123203728,"1-5"
2024-08-15,41.3003391687673,"1-5"
2024-08-16,40.3381770311571,"1-5"
2024-08-19,40.1843294206632,"1-5"
2024-08-20,39.9520519636201,"1-5"
2024-08-21,39.8829380324443,"1-5"
2024-08-22,39.9604412865536,"1-5"
2024-08-23,40.0670299371545,"1-5"
2024-08-26,40.3357880813939,"1-5"
2024-08-27,39.9814707824033,"1-5"
2024-08-28,39.9291731409571,"1-5"
2024-08-29,39.136560250978,"1-5"
2024-08-30,39.2828393695241,"1-5"
2024-09-03,39.4596580096353,"1-5"
2024-09-04,39.2814267386343,"1-5"
2024-09-05,39.2074098249252,"1-5"
2024-09-06,39.203229713493,"1-5"
2024-09-09,38.4943116579676,"1-5"
2024-09-10,38.4970150213291,"1-5"
2024-09-11,38.3869809632923,"1-5"
2024-09-12,38.350838341432,"1-5"
2024-09-13,38.6277393707296,"1-5"
2024-09-16,38.6307290249193,"1-5"
2024-09-17,38.5540156389398,"1-5"
2024-09-18,38.3414213440413,"1-5"
2024-09-19,38.4336538903921,"1-5"
2024-09-20,38.3711857064736,"1-5"
2024-09-23,38.1708223763805,"1-5"
2024-09-24,38.082575277446,"1-5"
2024-09-25,38.0648045612496,"1-5"
2024-09-26,37.9621119271754,"1-5"
2024-09-27,37.9428933775908,"1-5"
2024-09-30,37.9937570679094,"1-5"
2024-10-01,37.9784541520947,"1-5"
2024-10-02,38.1010247259674,"1-5"
2024-10-03,37.7150077781367,"1-5"
2024-10-04,37.7697696850342,"1-5"
2024-10-07,37.6066625662267,"1-5"
2024-10-08,37.4135041144881,"1-5"
2024-10-09,37.4011865496843,"1-5"
2024-10-10,37.2836057866711,"1-5"
2024-10-11,37.3463857230908,"1-5"
2024-10-14,37.3965868610838,"1-5"
2024-10-15,37.5951367637021,"1-5"
2024-10-16,37.5724371369983,"1-5"
2024-10-17,37.5361018915984,"1-5"
2024-10-18,37.6415541587402,"1-5"
2024-10-21,37.5591040234006,"1-5"
2024-10-22,37.5063044721076,"1-5"
2024-10-23,37.5563497988237,"1-5"
2024-10-24,37.536739198896,"1-5"
2024-10-25,37.4588308538165,"1-5"
2024-10-28,37.4184275376114,"1-5"
2024-10-29,37.3815116744448,"1-5"
2024-10-30,37.2243320772707,"1-5"
2024-10-31,37.8726376396308,"1-5"
2024-11-01,38.0380132028478,"1-5"
2024-11-04,38.0892918869217,"1-5"
2024-11-05,38.0676947211609,"1-5"
2024-11-06,38.511659960196,"1-5"
2024-11-07,38.7349053044196,"1-5"
2024-11-08,38.6109723906685,"1-5"
2024-11-11,38.3891344900046,"1-5"
2024-11-12,38.2331781737351,"1-5"
2024-11-13,38.1004891996829,"1-5"
2024-11-14,38.1849649031465,"1-5"
2024-11-15,38.1706421592937,"1-5"
2024-11-18,37.8292908319074,"1-5"
2024-11-25,37.0490944973662,"1-5"
2024-11-26,36.6644945212547,"1-5"
2024-11-27,36.4323551193672,"1-5"
2024-11-29,36.5134281272934,"1-5"
2024-12-02,36.3415300729683,"1-5"
2024-12-03,36.0995935791253,"1-5"
2024-12-04,36.0549200523534,"1-5"
2024-12-05,35.9736043005365,"1-5"
2024-12-06,36.0830898357409,"1-5"
2024-12-09,35.9512135922991,"1-5"
2024-12-10,35.801490282353,"1-5"
2024-12-11,36.1079404344879,"1-5"
2024-12-12,35.7852677609994,"1-5"
2024-12-13,35.5503642857062,"1-5"
2024-12-16,35.3842857922882,"1-5"
2024-12-17,35.4309072676959,"1-5"
2024-12-18,36.0394985190087,"1-5"
2024-12-19,36.2004567886422,"1-5"
2024-12-20,36.2335647407232,"1-5"
2024-12-23,35.9435134429792,"1-5"
2024-12-24,35.8873866359377,"1-5"
2024-12-26,35.6750231685647,"1-5"
2024-12-27,35.7264395479043,"1-5"
2024-12-30,35.7787320864213,"1-5"
2024-12-31,35.6472598387852,"1-5"
2025-01-02,35.7303508011677,"1-5"
2025-01-03,35.6384052196717,"1-5"
2025-01-06,35.5678248789543,"1-5"
2025-01-07,35.6689875931198,"1-5"
2025-01-08,35.6695632904996,"1-5"
2025-01-10,35.5627973358014,"1-5"
2025-01-13,35.4549457761866,"1-5"
2025-01-14,35.4366654120695,"1-5"
2025-01-15,35.8753308648254,"1-5"
2025-01-16,35.5317754978451,"1-5"
2025-01-17,35.7054756974819,"1-5"
2025-01-21,35.5207945792606,"1-5"
2025-01-22,35.4421435401966,"1-5"
2025-01-23,35.4213747932678,"1-5"
2025-01-24,35.4314170231001,"1-5"
2025-01-27,35.8807790617855,"1-5"
2025-01-28,35.8181679944323,"1-5"
2025-01-29,35.7196507785427,"1-5"
2025-01-30,35.6655134407326,"1-5"
2025-01-31,35.5282944619888,"1-5"
2025-02-03,37.0647780529849,"1-5"
2025-02-04,36.3558301631609,"1-5"
2025-02-05,36.1376411567123,"1-5"
2025-02-06,36.0833638384464,"1-5"
2025-02-07,36.0811484443334,"1-5"
2025-02-10,36.1030081411057,"1-5"
2025-02-11,36.1061161833605,"1-5"
2025-02-12,36.1488813660411,"1-5"
2025-02-13,36.2319634662773,"1-5"
2025-02-14,35.9618109144329,"1-5"
2025-02-18,35.7407980474844,"1-5"
2025-02-19,35.4520812477519,"1-5"
2025-02-20,35.1772779146081,"1-5"
2025-02-21,35.7189735244003,"1-5"
2025-02-24,35.7062471264456,"1-5"
2025-02-25,35.5319263514366,"1-5"
2025-02-26,35.3748873745561,"1-5"
2025-02-27,35.8142949475293,"1-5"
2025-02-28,35.7515233935166,"1-5"
2025-03-03,35.6828134673438,"1-5"
2025-03-04,35.7190187518344,"1-5"
2025-03-05,35.5398260894887,"1-5"
2025-03-06,35.5827940640893,"1-5"
2025-03-07,35.4975384070029,"1-5"
2025-03-10,36.4930359956747,"1-5"
2025-03-11,36.4954607719482,"1-5"
2025-03-12,36.4866653443544,"1-5"
2025-03-13,36.2832278749005,"1-5"
2025-03-14,36.5838412270513,"1-5"
2025-03-17,36.5933392761484,"1-5"
2025-03-18,36.487589446028,"1-5"
2025-03-19,36.5356807227291,"1-5"
2025-03-20,36.5126257819004,"1-5"
2025-03-21,36.4895434886358,"1-5"
2025-03-24,36.838239423269,"1-5"
2025-03-25,36.7736027356187,"1-5"
2025-03-26,36.676005479177,"1-5"
2025-03-27,36.6131691438259,"1-5"
2025-03-28,36.9478969446526,"1-5"
2025-03-31,36.724997511698,"1-5"
2025-04-01,36.6836703541123,"1-5"
2025-04-02,36.6323557997173,"1-5"
2025-04-03,36.6557111716676,"1-5"
2025-04-04,36.9719822688969,"1-5"
2025-04-07,37.199570070259,"1-5"
2025-04-08,37.352981924268,"1-5"
2025-04-09,38.6870937526912,"1-5"
2025-04-10,37.7638979807502,"1-5"
2025-04-11,38.3016165004347,"1-5"
2025-04-14,38.2494253145171,"1-5"
2025-04-15,38.2159362269661,"1-5"
2025-04-16,37.8734429377454,"1-5"
2025-04-17,37.9545854543887,"1-5"
2025-04-21,37.5273749656772,"1-5"
2025-04-22,37.3652940453661,"1-5"
2025-04-23,37.3544772701196,"1-5"
2025-04-24,37.4083703457817,"1-5"
2025-04-25,37.060452699058,"1-5"
2025-04-28,37.0177202676505,"1-5"
2025-04-29,36.8846019487644,"1-5"
2025-04-30,36.880111498708,"1-5"
2025-05-01,36.8629366045591,"1-5"
2025-05-02,36.8047819344652,"1-5"
2025-05-05,36.7480023958494,"1-5"
2025-05-06,36.6357994422609,"1-5"
2025-05-07,36.5265709027326,"1-5"
2025-05-08,36.4662163786692,"1-5"
2025-05-09,36.3683524215969,"1-5"
2025-05-12,36.9168061625372,"1-5"
2025-05-13,36.9450754670503,"1-5"
2025-05-14,36.9336731796081,"1-5"
2025-05-15,37.0633553652828,"1-5"
2025-05-16,37.0844167688424,"1-5"
2025-05-19,37.0161214515525,"1-5"
2025-05-20,36.984057083547,"1-5"
2025-05-21,36.8378483206142,"1-5"
2025-05-22,36.7783336589627,"1-5"
2025-05-23,36.8566307771565,"1-5"
2025-05-27,36.744188333278,"1-5"
2025-05-28,36.7331012602906,"1-5"
2025-05-29,36.773680722973,"1-5"
2025-05-30,36.7478694726649,"1-5"
2025-06-02,36.7195218333117,"1-5"
2025-06-03,36.6950865218325,"1-5"
2025-06-04,36.6641989330822,"1-5"
2025-06-05,36.6054721312822,"1-5"
2025-06-06,36.7320363375175,"1-5"
2025-06-09,36.6356957058468,"1-5"
2025-06-10,36.4314269464154,"1-5"
2025-06-11,36.4826963962956,"1-5"
2025-06-12,36.4821597930409,"1-5"
2025-06-13,36.392719356735,"1-5"
2025-06-16,36.3240100486602,"1-5"
2025-06-17,36.3333743386241,"1-5"
2025-06-18,36.3445437179418,"1-5"
2025-06-20,36.4131116685615,"1-5"
2025-06-23,36.3681368923631,"1-5"
2025-06-24,36.3276226439855,"1-5"
2025-06-25,36.316487119339,"1-5"
2025-06-26,36.2620948494525,"1-5"
2025-06-27,36.218120948792,"1-5"
2025-06-30,36.2195143970681,"1-5"
2025-07-01,36.1760979233534,"1-5"
2025-07-02,36.2793817067434,"1-5"
2025-07-03,36.1020076145112,"1-5"
2025-07-07,36.0310355350801,"1-5"
2025-07-08,36.0217884206514,"1-5"
2025-07-09,36.0273258997577,"1-5"
2025-07-10,35.905375205345,"1-5"
2025-07-11,35.7825466562829,"1-5"
2025-07-14,35.7387564568004,"1-5"
2025-07-15,35.7262366635144,"1-5"
2025-07-16,35.6636747620691,"1-5"
2025-07-17,35.6387378964583,"1-5"
2025-07-18,35.5257492461188,"1-5"
2025-07-21,35.4698351528415,"1-5"
2025-07-22,35.3698721938369,"1-5"
2025-07-23,35.4480447593231,"1-5"
2025-07-24,35.3869146714018,"1-5"
2025-07-25,35.3616622401261,"1-5"
2025-07-28,35.3842801006203,"1-5"
2025-07-29,35.4001427602091,"1-5"
2025-07-30,35.4757507926984,"1-5"
2025-07-31,35.5000905343151,"1-5"
2025-08-01,36.5139881824542,"1-5"
2025-08-04,36.3455366766728,"1-5"
2025-08-05,36.4643899511321,"1-5"
2025-08-06,36.4576196179932,"1-5"
2025-08-07,36.4827525071312,"1-5"
2025-08-08,36.365929152053,"1-5"
2025-08-11,36.297966207712,"1-5"
2025-08-12,36.4676732082189,"1-5"
2025-08-13,36.4655574027936,"1-5"
2025-08-14,36.4977965051303,"1-5"
2025-08-15,36.4949535314801,"1-5"
2025-08-18,36.4873532235613,"1-5"
2025-08-19,36.6412036543533,"1-5"
2025-08-20,36.4601891836194,"1-5"
2025-08-21,36.4750803873338,"1-5"
2025-08-22,37.1460707114904,"1-5"
2025-08-25,37.1888579600416,"1-5"
2025-08-26,36.992578073166,"1-5"
2025-08-27,36.9450077584443,"1-5"
2025-08-28,36.9081377076589,"1-5"
2025-08-29,36.7472928314561,"1-5"
2025-09-02,36.7923942859747,"1-5"
2025-09-03,36.7203083135444,"1-5"
2025-09-04,36.5921270091722,"1-5"
2025-09-05,36.6828887007165,"1-5"
2025-09-08,36.6541720877491,"1-5"
2025-09-09,36.7521161986629,"1-5"
2025-09-10,36.7563682499311,"1-5"
2025-09-11,36.7375881421185,"1-5"
2025-09-12,36.6878678478062,"1-5"
2025-09-15,36.5006813100475,"1-5"
2025-09-16,36.4805389397268,"1-5"
2025-09-17,36.4556655279949,"1-5"
2025-09-18,36.5069847026985,"1-5"
2025-09-19,36.3599963590461,"1-5"
2025-09-22,36.2962733722343,"1-5"
2025-09-23,36.0980191840859,"1-5"
2025-09-24,36.1261656773193,"1-5"
2025-09-25,36.2227756383454,"1-5"
2025-09-26,36.2908214260056,"1-5"
2025-09-29,36.1919770373741,"1-5"
2025-09-30,36.0751703292364,"1-5"
2025-10-01,36.1064794554374,"1-5"
2025-10-02,36.1625659996613,"1-5"
2025-10-03,35.9801088222416,"1-5"
2025-10-06,35.9757110757556,"1-5"
2025-10-07,36.1321358490428,"1-5"
2025-10-08,36.1692023803382,"1-5"
2025-10-09,36.1514999746224,"1-5"
2025-10-10,37.8156593484939,"1-5"
2025-10-13,37.99441626528,"1-5"
2025-10-14,37.8244457112292,"1-5"
2025-10-15,37.6396882633779,"1-5"
2025-10-16,37.6032022196708,"1-5"
2025-10-17,37.3983502929649,"1-5"
2025-10-20,37.5398731049792,"1-5"
2025-10-21,37.617640173394,"1-5"
2025-10-22,37.5825024707089,"1-5"
2025-10-23,37.6687545983766,"1-5"
2025-10-24,37.6245814085934,"1-5"
2025-10-27,37.5190069250551,"1-5"
2025-10-28,37.4913057845413,"1-5"
2025-10-29,37.5913698075539,"1-5"
2025-10-30,37.5100046414307,"1-5"
2025-10-31,37.4163221200269,"1-5"
2025-11-03,37.2929543555978,"1-5"
2025-11-04,37.3149184019655,"1-5"
2025-11-05,37.6039481003532,"1-5"
2025-11-06,37.7507811175033,"1-5"
2025-11-07,37.6885979288831,"1-5"
2025-11-10,37.831640861634,"1-5"
2025-11-11,38.0147645015072,"1-5"
2025-11-12,37.9364900562027,"1-5"
2025-11-13,37.8517143213231,"1-5"
2025-11-14,37.9779663516305,"1-5"
2025-11-17,37.7572095881263,"1-5"
2025-11-18,37.7059548163986,"1-5"
2025-11-19,37.6310661056701,"1-5"
2025-11-20,37.9231986219283,"1-5"
2025-11-21,37.8279859536838,"1-5"
2025-11-24,38.2326832245767,"1-5"
2025-11-25,38.3353704868482,"1-5"
2025-11-26,38.2997638032819,"1-5"
2025-11-28,38.1097668692433,"1-5"
2025-12-01,37.854186697228,"1-5"
2025-12-02,37.7071972677413,"1-5"
2025-12-03,37.6851530882356,"1-5"
2025-12-04,37.6847470255014,"1-5"
2025-12-05,37.7085474447036,"1-5"
2025-12-08,37.7232967790324,"1-5"
2025-12-09,37.6701008316781,"1-5"
2025-12-10,37.647701890532,"1-5"
2025-12-11,37.587513948702,"1-5"
2025-12-12,37.6882425281847,"1-5"
2025-12-15,37.6105900520526,"1-5"
2025-12-16,37.3887250220052,"1-5"
2025-12-17,37.4093138630751,"1-5"
2025-12-18,37.2257886374018,"1-5"
2025-12-19,37.3546233376283,"1-5"
2025-12-22,36.7258130759376,"1-5"
2025-12-23,36.7423125507116,"1-5"
2025-12-24,36.7427781738098,"1-5"
2025-12-26,36.7149386558165,"1-5"
2025-12-29,36.6592815183085,"1-5"
2025-12-30,36.559750365862,"1-5"
2025-12-31,36.5354416388582,"1-5"
2026-01-02,36.4825747073271,"1-5"
2026-01-05,36.4911974893883,"1-5"
2026-01-06,36.602781179703,"1-5"
2026-01-07,36.58065559112,"1-5"
2026-01-08,36.5198450615904,"1-5"
2026-01-09,36.5495990964728,"1-5"
2026-01-12,36.4975570980369,"1-5"
2026-01-13,36.5157764962301,"1-5"
2026-01-14,36.4486492578019,"1-5"
2026-01-15,36.3757624098191,"1-5"
2026-01-16,36.2228488344525,"1-5"
2026-01-20,37.0396000027654,"1-5"
2026-01-21,37.2542918063714,"1-5"
2026-01-22,37.1500225594608,"1-5"
2026-01-23,36.8204974978314,"1-5"
2026-01-26,36.7929554743723,"1-5"
2026-01-27,36.8988792517124,"1-5"
2026-01-28,36.9847231099127,"1-5"
2026-01-29,37.1317901754665,"1-5"
2026-01-30,37.3967296540332,"1-5"
2026-02-02,37.1973906013069,"1-5"
2026-02-03,36.7559661511706,"1-5"
2026-02-04,36.698276634725,"1-5"
2026-02-05,36.8722025499956,"1-5"
2026-02-06,38.0274244929845,"1-5"
2026-02-09,37.6176734683828,"1-5"
2026-02-10,37.6977168319692,"1-5"
2026-02-11,37.7804854534168,"1-5"
2026-02-12,38.2015427205464,"1-5"
2026-02-13,38.3871234004429,"1-5"
2026-02-17,38.2778181562327,"1-5"
2026-02-18,38.2934662069603,"1-5"
2026-02-19,38.2623953785164,"1-5"
2026-02-20,38.1900149666943,"1-5"
2026-02-23,37.9522729359482,"1-5"
2026-02-24,37.9004661152289,"1-5"
2026-02-25,38.0422158096361,"1-5"
2026-02-26,38.1452877407718,"1-5"
2026-02-27,38.1713245219238,"1-5"
2026-03-02,38.3476393356072,"1-5"
2026-03-03,38.6051209784823,"1-5"
2026-03-04,38.3978655639509,"1-5"
2026-03-05,38.2749979188061,"1-5"
2026-03-06,38.2009191682414,"1-5"
2026-03-09,37.9833480316056,"1-5"
2026-03-10,37.9812004208942,"1-5"
2026-03-11,37.9924547898481,"1-5"
2026-03-12,37.9452102150577,"1-5"
2026-03-13,37.9962966262988,"1-5"
2026-03-16,37.7404954881822,"1-5"
2026-03-17,37.725790370019,"1-5"
2026-03-18,37.9865834577706,"1-5"
2026-03-19,37.8039716116383,"1-5"
2026-03-20,37.7817190565176,"1-5"
2026-03-23,37.7187462350573,"1-5"
2026-03-24,37.6729188268154,"1-5"
2026-03-25,37.6247085705727,"1-5"
2026-03-26,38.9833518914763,"1-5"
2026-03-27,38.8431385491028,"1-5"
2026-03-30,38.5469660320195,"1-5"
2026-03-31,39.0473941515506,"1-5"
2026-04-01,39.1544834745841,"1-5"
2026-04-02,38.8057951089144,"1-5"
2026-04-06,38.6928657996955,"1-5"
2026-04-07,38.741102035488,"1-5"
2026-04-08,38.4992118099006,"1-5"
2026-04-09,38.3353932612394,"1-5"
2026-04-10,38.2037002818834,"1-5"
2026-04-13,38.225355943571,"1-5"
2026-04-14,38.1131669898348,"1-5"
2026-04-15,38.1311493885434,"1-5"
2026-04-16,38.0962611021597,"1-5"
2026-04-17,38.2711672896643,"1-5"
2026-04-20,38.2816656394944,"1-5"
2026-04-21,38.2545226744675,"1-5"
2026-04-22,38.3766228713255,"1-5"
2026-04-23,38.2688846576013,"1-5"
2026-04-24,38.1072352153627,"1-5"
2026-04-27,38.106326247314,"1-5"
2026-04-28,38.2024098912592,"1-5"
2026-04-29,38.0501839669887,"1-5"
2026-04-30,38.0480270626998,"1-5"
2026-05-01,37.9710259841927,"1-5"
2026-05-04,37.8857711162533,"1-5"
2026-05-05,37.8459991911229,"1-5"
2026-05-06,38.0651753138667,"1-5"
2026-05-07,38.0999347215795,"1-5"
2026-05-08,38.48042526188,"1-5"
2026-05-11,38.5188155506554,"1-5"
2026-05-12,39.3457728247114,"1-5"
2026-05-13,39.0433475147886,"1-5"
2026-05-14,39.0331432417024,"1-5"
2026-05-15,39.2228172893846,"1-5"
2026-05-18,39.2316834905891,"1-5"
2026-05-19,39.1920399479556,"1-5"
2026-05-20,39.408190538267,"1-5"
2026-05-21,39.4302501403151,"1-5"
2026-05-22,39.3418069996684,"1-5"
2026-05-26,39.2068023684514,"1-5"
2026-05-27,39.1912845423787,"1-5"
2026-05-28,39.0946380145248,"1-5"
2026-05-29,39.0378963305976,"1-5"
2026-06-01,38.9670348297026,"1-5"
2026-06-02,38.4153639291531,"1-5"
2026-06-03,38.512250488543,"1-5"
2026-06-04,38.4538639091306,"1-5"
2026-06-05,40.1452847546464,"1-5"
2026-06-08,40.1644792786733,"1-5"
2026-06-09,40.1769083422155,"1-5"
2026-06-10,40.2930481567534,"1-5"
2026-06-11,41.1298375689034,"1-5"
2026-06-12,40.8109446176038,"1-5"
2026-06-15,41.5310207385415,"1-5"
2026-06-16,41.0036976293998,"1-5"
2026-06-17,41.1367802864609,"1-5"
2026-06-18,40.9851661472022,"1-5"
2026-06-22,40.9745777902901,"1-5"
2026-06-23,40.9574126395009,"1-5"
2026-06-24,40.2830020809599,"1-5"
2026-06-25,40.1599317494082,"1-5"
2026-06-26,39.7450511055403,"1-5"
2026-06-29,39.5888282654634,"1-5"
2026-06-30,39.4017822490428,"1-5"
2026-07-01,39.0554774012092,"1-5"
2026-07-02,38.8208463465452,"1-5"
2026-07-06,38.6903847389079,"1-5"
2026-07-07,39.1295282993869,"1-5"
2026-07-08,39.0521682579221,"1-5"
2026-07-09,39.1856173956319,"1-5"
2026-07-10,39.0499955015103,"1-5"
2026-07-13,39.5918414895396,"1-5"
2026-07-14,40.1323703781195,"1-5"
2026-07-15,39.9877859449957,"1-5"
2026-07-16,40.0733345802698,"1-5"
2026-07-17,39.9862953983562,"1-5"
2026-07-20,39.8851110309089,"1-5"
2026-07-21,39.6874415736276,"1-5"
2026-07-22,39.6293109294928,"1-5"
2026-07-23,39.9636463781238,"1-5"
2026-07-24,39.8991588152231,"1-5"
2026-07-27,39.7387745878789,"1-5"
2026-07-28,39.593872507401,"1-5"
2026-07-29,39.3973624104656,"1-5"
2026-07-30,39.5697073657691,"1-5"
2026-07-31,39.2310603311447,"1-5"
2026-08-03,38.9350259352382,"1-5"
2026-08-04,39.1201950798324,"1-5"
2026-08-05,39.0712886757429,"1-5"
2026-08-06,38.9604735954622,"1-5"
2026-08-07,39.1091771543916,"1-5"
2026-08-10,39.136626340476,"1-5"
2026-08-11,39.0514178241672,"1-5"
2026-08-12,38.9886425771192,"1-5"
2026-08-13,38.8634538138271,"1-5"
2026-08-14,38.7487694934986,"1-5"
2024-07-09,5.39237939056244,"5-20"
2024-07-10,5.48967576239545,"5-20"
2024-07-11,5.49651119748241,"5-20"
2024-07-12,5.88178197234148,"5-20"
2024-07-15,5.87753755632327,"5-20"
2024-07-16,5.80691131212359,"5-20"
2024-07-17,5.84860193879769,"5-20"
2024-07-18,5.8937311758129,"5-20"
2024-07-19,5.66269299199524,"5-20"
2024-07-22,5.65488578859017,"5-20"
2024-07-23,5.40772066584116,"5-20"
2024-07-24,5.38107037345203,"5-20"
2024-07-25,6.07084844516604,"5-20"
2024-07-26,5.47151403189405,"5-20"
2024-07-29,5.41589433886027,"5-20"
2024-07-30,5.48766984379628,"5-20"
2024-07-31,5.50073550312687,"5-20"
2024-08-01,5.48831277947262,"5-20"
2024-08-02,5.79796579742513,"5-20"
2024-08-05,6.37751002293134,"5-20"
2024-08-06,6.18448640221888,"5-20"
2024-08-07,6.22615606259648,"5-20"
2024-08-08,6.31046246813072,"5-20"
2024-08-09,6.27292734879971,"5-20"
2024-08-12,6.27967178154636,"5-20"
2024-08-13,6.30976948445849,"5-20"
2024-08-14,6.32060351776904,"5-20"
2024-08-15,6.42128335120874,"5-20"
2024-08-16,6.86999734223608,"5-20"
2024-08-19,6.71481716673123,"5-20"
2024-08-20,6.63901093721959,"5-20"
2024-08-21,6.59025124041486,"5-20"
2024-08-22,6.62441498408144,"5-20"
2024-08-23,6.6347416130578,"5-20"
2024-08-26,6.54975994865933,"5-20"
2024-08-27,6.45846164467355,"5-20"
2024-08-28,6.43212000764117,"5-20"
2024-08-29,6.13748780805556,"5-20"
2024-08-30,6.29387975100275,"5-20"
2024-09-03,6.36601689001068,"5-20"
2024-09-04,6.39474966817588,"5-20"
2024-09-05,6.3922250352305,"5-20"
2024-09-06,6.31499601232652,"5-20"
2024-09-09,6.19673129324266,"5-20"
2024-09-10,6.17654365628672,"5-20"
2024-09-11,6.13533611857944,"5-20"
2024-09-12,6.13096258905664,"5-20"
2024-09-13,6.19926603903144,"5-20"
2024-09-16,6.27234865682405,"5-20"
2024-09-17,6.25764170795272,"5-20"
2024-09-18,6.21968461297221,"5-20"
2024-09-19,6.22983061923272,"5-20"
2024-09-20,6.28818244256212,"5-20"
2024-09-23,6.24167250681229,"5-20"
2024-09-24,6.22858981557846,"5-20"
2024-09-25,6.22415578270437,"5-20"
2024-09-26,6.21826366843177,"5-20"
2024-09-27,6.21467288776898,"5-20"
2024-09-30,6.21066965334909,"5-20"
2024-10-01,6.15656238622274,"5-20"
2024-10-02,6.16528377904728,"5-20"
2024-10-03,6.1672715408304,"5-20"
2024-10-04,6.21272350689444,"5-20"
2024-10-07,6.20397969041986,"5-20"
2024-10-08,6.15308840430226,"5-20"
2024-10-09,6.15385060429163,"5-20"
2024-10-10,6.1309579716318,"5-20"
2024-10-11,6.18955065592984,"5-20"
2024-10-14,6.2135539405641,"5-20"
2024-10-15,6.25753359549216,"5-20"
2024-10-16,6.24908493891488,"5-20"
2024-10-17,6.23100558405199,"5-20"
2024-10-18,6.22735136757547,"5-20"
2024-10-21,6.19896019087808,"5-20"
2024-10-22,6.19961784760807,"5-20"
2024-10-23,6.21473226922893,"5-20"
2024-10-24,6.22079071348206,"5-20"
2024-10-25,6.22111742354496,"5-20"
2024-10-28,6.19123456453376,"5-20"
2024-10-29,6.14912222367882,"5-20"
2024-10-30,6.15050995284044,"5-20"
2024-10-31,6.25738190430725,"5-20"
2024-11-01,6.15802497356128,"5-20"
2024-11-04,6.15516499687848,"5-20"
2024-11-05,6.18299962939714,"5-20"
2024-11-06,6.25275123206321,"5-20"
2024-11-07,6.14103335880399,"5-20"
2024-11-08,6.19758558258925,"5-20"
2024-11-11,6.06362827991628,"5-20"
2024-11-12,6.10314831304605,"5-20"
2024-11-13,6.05833291070505,"5-20"
2024-11-14,6.09296244838057,"5-20"
2024-11-15,6.08158225241054,"5-20"
2024-11-18,6.01258853140279,"5-20"
2024-11-25,5.83363761410564,"5-20"
2024-11-26,5.80484656290447,"5-20"
2024-11-27,5.78783578176696,"5-20"
2024-11-29,5.8343793455718,"5-20"
2024-12-02,5.81592393511648,"5-20"
2024-12-03,5.8256276861241,"5-20"
2024-12-04,5.77283904466566,"5-20"
2024-12-05,5.77310454044802,"5-20"
2024-12-06,5.85022365236567,"5-20"
2024-12-09,5.81727683252443,"5-20"
2024-12-10,5.79369887918251,"5-20"
2024-12-11,5.83890483224346,"5-20"
2024-12-12,5.81284885136651,"5-20"
2024-12-13,5.80427866692251,"5-20"
2024-12-16,5.79245983824763,"5-20"
2024-12-17,5.79692155459205,"5-20"
2024-12-18,5.80192449313868,"5-20"
2024-12-19,5.78871807790463,"5-20"
2024-12-20,5.7854664158177,"5-20"
2024-12-23,5.73819016265572,"5-20"
2024-12-24,5.7318299669837,"5-20"
2024-12-26,5.70530886452844,"5-20"
2024-12-27,5.69698308277798,"5-20"
2024-12-30,5.71107506816046,"5-20"
2024-12-31,5.68254593151059,"5-20"
2025-01-02,5.71186265372663,"5-20"
2025-01-03,5.7252684092801,"5-20"
2025-01-06,5.73971376884313,"5-20"
2025-01-07,5.79417111867456,"5-20"
2025-01-08,5.80834979745827,"5-20"
2025-01-10,5.76977499193462,"5-20"
2025-01-13,5.75076558643376,"5-20"
2025-01-14,5.74952732551661,"5-20"
2025-01-15,5.79437516431703,"5-20"
2025-01-16,5.72393987268104,"5-20"
2025-01-17,5.7677455414739,"5-20"
2025-01-21,5.73920354921802,"5-20"
2025-01-22,5.72497178454563,"5-20"
2025-01-23,5.71891414707453,"5-20"
2025-01-24,5.71185177486073,"5-20"
2025-01-27,5.81864989234273,"5-20"
2025-01-28,5.75682396541587,"5-20"
2025-01-29,5.72509782974837,"5-20"
2025-01-30,5.73243192360004,"5-20"
2025-01-31,5.70315982747454,"5-20"
2025-02-03,6.17148804269786,"5-20"
2025-02-04,5.9937371255743,"5-20"
2025-02-05,5.94721351524553,"5-20"
2025-02-06,5.94005976878592,"5-20"
2025-02-07,5.9167479304127,"5-20"
2025-02-10,5.90681848137428,"5-20"
2025-02-11,5.89623144598075,"5-20"
2025-02-12,5.91105888039349,"5-20"
2025-02-13,5.88728099970662,"5-20"
2025-02-14,5.86048970452899,"5-20"
2025-02-18,5.82699990328339,"5-20"
2025-02-19,5.77606324029753,"5-20"
2025-02-20,5.73159265045168,"5-20"
2025-02-21,5.8734427325112,"5-20"
2025-02-24,5.94755848522429,"5-20"
2025-02-25,5.98201706827054,"5-20"
2025-02-26,5.93398946129912,"5-20"
2025-02-27,6.02019965969534,"5-20"
2025-02-28,5.9974220165975,"5-20"
2025-03-03,6.05880335005895,"5-20"
2025-03-04,6.1062238758412,"5-20"
2025-03-05,6.06568907770688,"5-20"
2025-03-06,6.01231461450665,"5-20"
2025-03-07,5.94399106945535,"5-20"
2025-03-10,6.04686825592797,"5-20"
2025-03-11,5.97264980257315,"5-20"
2025-03-12,6.01032061001035,"5-20"
2025-03-13,5.91484829590955,"5-20"
2025-03-14,6.04577063396185,"5-20"
2025-03-17,6.00096766876978,"5-20"
2025-03-18,6.0172346871642,"5-20"
2025-03-19,6.00453145984237,"5-20"
2025-03-20,5.99114479399198,"5-20"
2025-03-21,5.97998077057631,"5-20"
2025-03-24,6.12862421149379,"5-20"
2025-03-25,6.07762001429332,"5-20"
2025-03-26,6.01307531037763,"5-20"
2025-03-27,5.99207224180091,"5-20"
2025-03-28,5.99827089480471,"5-20"
2025-03-31,6.04284779236804,"5-20"
2025-04-01,6.02498945208386,"5-20"
2025-04-02,6.01151648348605,"5-20"
2025-04-03,6.02025177783581,"5-20"
2025-04-04,6.06829094575532,"5-20"
2025-04-07,5.97878919426264,"5-20"
2025-04-08,5.91215212694953,"5-20"
2025-04-09,6.00983766449812,"5-20"
2025-04-10,5.92918983634063,"5-20"
2025-04-11,5.92069524946618,"5-20"
2025-04-14,5.86257411571644,"5-20"
2025-04-15,5.85910291045838,"5-20"
2025-04-16,5.80715771739607,"5-20"
2025-04-17,5.79147824975204,"5-20"
2025-04-21,5.68701385347713,"5-20"
2025-04-22,5.66874908500726,"5-20"
2025-04-23,5.62518272220453,"5-20"
2025-04-24,5.59393199699287,"5-20"
2025-04-25,5.55179539284409,"5-20"
2025-04-28,5.54693188059397,"5-20"
2025-04-29,5.5369700555722,"5-20"
2025-04-30,5.53280506437985,"5-20"
2025-05-01,5.56059903052651,"5-20"
2025-05-02,5.57866450870342,"5-20"
2025-05-05,5.58288839393544,"5-20"
2025-05-06,5.58728436826478,"5-20"
2025-05-07,5.56716377205462,"5-20"
2025-05-08,5.56367407401368,"5-20"
2025-05-09,5.50299194305311,"5-20"
2025-05-12,5.55558326968295,"5-20"
2025-05-13,5.60793910119328,"5-20"
2025-05-14,5.6591210332076,"5-20"
2025-05-15,5.66859938056238,"5-20"
2025-05-16,5.67231353932568,"5-20"
2025-05-19,5.65339502191471,"5-20"
2025-05-20,5.64943640096702,"5-20"
2025-05-21,5.62628678676643,"5-20"
2025-05-22,5.6220128083138,"5-20"
2025-05-23,5.63990741113979,"5-20"
2025-05-27,5.6193510233792,"5-20"
2025-05-28,5.60571827406392,"5-20"
2025-05-29,5.60330493995843,"5-20"
2025-05-30,5.61004443526667,"5-20"
2025-06-02,5.59299073173921,"5-20"
2025-06-03,5.60114789552821,"5-20"
2025-06-04,5.57861883664736,"5-20"
2025-06-05,5.55483572223114,"5-20"
2025-06-06,5.53978299269027,"5-20"
2025-06-09,5.54342337879343,"5-20"
2025-06-10,5.49380866035249,"5-20"
2025-06-11,5.47998740661852,"5-20"
2025-06-12,5.48290355239767,"5-20"
2025-06-13,5.46715948467896,"5-20"
2025-06-16,5.43237051453524,"5-20"
2025-06-17,5.42351285873795,"5-20"
2025-06-18,5.42018690653725,"5-20"
2025-06-20,5.4406279805976,"5-20"
2025-06-23,5.44155053541347,"5-20"
2025-06-24,5.44067027799401,"5-20"
2025-06-25,5.44722671974802,"5-20"
2025-06-26,5.43471506363888,"5-20"
2025-06-27,5.43918769448288,"5-20"
2025-06-30,5.41367367767047,"5-20"
2025-07-01,5.41740000457778,"5-20"
2025-07-02,5.4298620553712,"5-20"
2025-07-03,5.44063442887353,"5-20"
2025-07-07,5.41735188337656,"5-20"
2025-07-08,5.42065771181997,"5-20"
2025-07-09,5.40070256014242,"5-20"
2025-07-10,5.40516580796862,"5-20"
2025-07-11,5.39462531458479,"5-20"
2025-07-14,5.39283083904267,"5-20"
2025-07-15,5.39677620748474,"5-20"
2025-07-16,5.34459380515524,"5-20"
2025-07-17,5.34492909870112,"5-20"
2025-07-18,5.30872183361005,"5-20"
2025-07-21,5.27441610645993,"5-20"
2025-07-22,5.2671481430071,"5-20"
2025-07-23,5.24703469065556,"5-20"
2025-07-24,5.24564166477453,"5-20"
2025-07-25,5.23407616337153,"5-20"
2025-07-28,5.23335987502524,"5-20"
2025-07-29,5.21965659569185,"5-20"
2025-07-30,5.21794165527072,"5-20"
2025-07-31,5.2370316870151,"5-20"
2025-08-01,5.35294953505062,"5-20"
2025-08-04,5.39158157397093,"5-20"
2025-08-05,5.39419196203986,"5-20"
2025-08-06,5.38457059974687,"5-20"
2025-08-07,5.41234913485855,"5-20"
2025-08-08,5.39742843655759,"5-20"
2025-08-11,5.39974812915292,"5-20"
2025-08-12,5.37405790657121,"5-20"
2025-08-13,5.3858362892126,"5-20"
2025-08-14,5.3805730049494,"5-20"
2025-08-15,5.38171761705731,"5-20"
2025-08-18,5.36593769933989,"5-20"
2025-08-19,5.39895246113436,"5-20"
2025-08-20,5.41033832102581,"5-20"
2025-08-21,5.39344482747757,"5-20"
2025-08-22,5.3517898979678,"5-20"
2025-08-25,5.33099568007775,"5-20"
2025-08-26,5.32819782876395,"5-20"
2025-08-27,5.32923073296692,"5-20"
2025-08-28,5.31460300235389,"5-20"
2025-08-29,5.30410081059628,"5-20"
2025-09-02,5.29421030163157,"5-20"
2025-09-03,5.29599632664145,"5-20"
2025-09-04,5.30529957066166,"5-20"
2025-09-05,5.31260121274577,"5-20"
2025-09-08,5.3350208331881,"5-20"
2025-09-09,5.32578253648609,"5-20"
2025-09-10,5.31921454115516,"5-20"
2025-09-11,5.33115690574889,"5-20"
2025-09-12,5.31248120586354,"5-20"
2025-09-15,5.30760372417742,"5-20"
2025-09-16,5.30168685051549,"5-20"
2025-09-17,5.29686267918768,"5-20"
2025-09-18,5.34570949417747,"5-20"
2025-09-19,5.34014320480385,"5-20"
2025-09-22,5.3079503711285,"5-20"
2025-09-23,5.3038978778461,"5-20"
2025-09-24,5.30434904206797,"5-20"
2025-09-25,5.32219470162317,"5-20"
2025-09-26,5.31255176297602,"5-20"
2025-09-29,5.30100779283197,"5-20"
2025-09-30,5.2701467925786,"5-20"
2025-10-01,5.26835435520306,"5-20"
2025-10-02,5.26128748010157,"5-20"
2025-10-03,5.26413241702018,"5-20"
2025-10-06,5.23542027346673,"5-20"
2025-10-07,5.26215492256312,"5-20"
2025-10-08,5.22117300375543,"5-20"
2025-10-09,5.22469734492545,"5-20"
2025-10-10,5.56950505438197,"5-20"
2025-10-13,5.54903369647626,"5-20"
2025-10-14,5.5135188530311,"5-20"
2025-10-15,5.48679288240372,"5-20"
2025-10-16,5.50910457586452,"5-20"
2025-10-17,5.44037703053077,"5-20"
2025-10-20,5.41088532866063,"5-20"
2025-10-21,5.39467911390172,"5-20"
2025-10-22,5.37179364173464,"5-20"
2025-10-23,5.36313971251149,"5-20"
2025-10-24,5.38090029000691,"5-20"
2025-10-27,5.44289321334393,"5-20"
2025-10-28,5.46040162915619,"5-20"
2025-10-29,5.46669150300617,"5-20"
2025-10-30,5.48638098912647,"5-20"
2025-10-31,5.46980889379135,"5-20"
2025-11-03,5.47156257397431,"5-20"
2025-11-04,5.49947549472402,"5-20"
2025-11-05,5.50115193659046,"5-20"
2025-11-06,5.48259207616448,"5-20"
2025-11-07,5.49038301048713,"5-20"
2025-11-10,5.48300215178062,"5-20"
2025-11-11,5.55804565762623,"5-20"
2025-11-12,5.53105644227911,"5-20"
2025-11-13,5.50996978878787,"5-20"
2025-11-14,5.53482883923389,"5-20"
2025-11-17,5.55319939699977,"5-20"
2025-11-18,5.55325242819183,"5-20"
2025-11-19,5.53780372456098,"5-20"
2025-11-20,5.59709125423295,"5-20"
2025-11-21,5.63369712607291,"5-20"
2025-11-24,5.66187145308646,"5-20"
2025-11-25,5.63125048647891,"5-20"
2025-11-26,5.61206873561056,"5-20"
2025-11-28,5.62356584348162,"5-20"
2025-12-01,5.56286995840788,"5-20"
2025-12-02,5.56002477596051,"5-20"
2025-12-03,5.52047614355014,"5-20"
2025-12-04,5.5243931741398,"5-20"
2025-12-05,5.51064304588442,"5-20"
2025-12-08,5.54644172003548,"5-20"
2025-12-09,5.53609658682094,"5-20"
2025-12-10,5.5458075129163,"5-20"
2025-12-11,5.52878844378562,"5-20"
2025-12-12,5.56826279209093,"5-20"
2025-12-15,5.62406606648692,"5-20"
2025-12-16,5.59018250166345,"5-20"
2025-12-17,5.61038142704985,"5-20"
2025-12-18,5.57505342178871,"5-20"
2025-12-19,5.62649337799972,"5-20"
2025-12-22,5.53192464998659,"5-20"
2025-12-23,5.53708382884201,"5-20"
2025-12-24,5.53333955494551,"5-20"
2025-12-26,5.53983212389663,"5-20"
2025-12-29,5.53233699073222,"5-20"
2025-12-30,5.52380685711066,"5-20"
2025-12-31,5.51112591723451,"5-20"
2026-01-02,5.54411419943654,"5-20"
2026-01-05,5.5707299629654,"5-20"
2026-01-06,5.57944041886839,"5-20"
2026-01-07,5.59489782916854,"5-20"
2026-01-08,5.61711116579809,"5-20"
2026-01-09,5.58975938115351,"5-20"
2026-01-12,5.58753819928422,"5-20"
2026-01-13,5.5860209164498,"5-20"
2026-01-14,5.54520257759567,"5-20"
2026-01-15,5.53434507363398,"5-20"
2026-01-16,5.52495681434514,"5-20"
2026-01-20,5.89226776865856,"5-20"
2026-01-21,5.80398982834192,"5-20"
2026-01-22,5.7534581963147,"5-20"
2026-01-23,5.7041816152202,"5-20"
2026-01-26,5.73148493211142,"5-20"
2026-01-27,5.74007796147853,"5-20"
2026-01-28,5.77844146002006,"5-20"
2026-01-29,5.86293883257855,"5-20"
2026-01-30,5.89429161848461,"5-20"
2026-02-02,5.84479145075425,"5-20"
2026-02-03,5.81317078482227,"5-20"
2026-02-04,5.88546734525336,"5-20"
2026-02-05,5.84415067331508,"5-20"
2026-02-06,5.78082791521293,"5-20"
2026-02-09,5.82187764952709,"5-20"
2026-02-10,5.82481923863459,"5-20"
2026-02-11,5.79961224334687,"5-20"
2026-02-12,5.8098796379642,"5-20"
2026-02-13,5.83969915612376,"5-20"
2026-02-17,5.80937288074426,"5-20"
2026-02-18,5.79991319599332,"5-20"
2026-02-19,5.79907134563639,"5-20"
2026-02-20,5.77839903107066,"5-20"
2026-02-23,5.75314840337015,"5-20"
2026-02-24,5.71344605606702,"5-20"
2026-02-25,5.69008625311127,"5-20"
2026-02-26,5.58065694334807,"5-20"
2026-02-27,5.58826054929949,"5-20"
2026-03-02,5.56861130928319,"5-20"
2026-03-03,5.56895013975735,"5-20"
2026-03-04,5.54809268387984,"5-20"
2026-03-05,5.55506358400832,"5-20"
2026-03-06,5.58221990472814,"5-20"
2026-03-09,5.52062021536513,"5-20"
2026-03-10,5.55514925915364,"5-20"
2026-03-11,5.56298811346385,"5-20"
2026-03-12,5.56506679977279,"5-20"
2026-03-13,5.56956796620013,"5-20"
2026-03-16,5.54430435444773,"5-20"
2026-03-17,5.54745925334958,"5-20"
2026-03-18,5.59354353012584,"5-20"
2026-03-19,5.63644790970047,"5-20"
2026-03-20,5.70797069252957,"5-20"
2026-03-23,5.65247203566691,"5-20"
2026-03-24,5.62577480687134,"5-20"
2026-03-25,5.59160465032876,"5-20"
2026-03-26,5.68494984227931,"5-20"
2026-03-27,5.86330946307599,"5-20"
2026-03-30,5.87911978832624,"5-20"
2026-03-31,5.75302900511322,"5-20"
2026-04-01,5.82315765379711,"5-20"
2026-04-02,5.80460194478045,"5-20"
2026-04-06,5.76073637035224,"5-20"
2026-04-07,5.79793835668655,"5-20"
2026-04-08,5.81562397642861,"5-20"
2026-04-09,5.82895676356203,"5-20"
2026-04-10,5.82001070806775,"5-20"
2026-04-13,5.82471793667977,"5-20"
2026-04-14,5.86223491614854,"5-20"
2026-04-15,5.88555824190916,"5-20"
2026-04-16,5.8550648537337,"5-20"
2026-04-17,5.87091032028744,"5-20"
2026-04-20,5.84503420602673,"5-20"
2026-04-21,5.8620190765665,"5-20"
2026-04-22,5.86505134661964,"5-20"
2026-04-23,5.84040922189372,"5-20"
2026-04-24,5.77137338550949,"5-20"
2026-04-27,5.76213760696594,"5-20"
2026-04-28,5.79075713583434,"5-20"
2026-04-29,5.80193487616018,"5-20"
2026-04-30,5.79052385322714,"5-20"
2026-05-01,5.79204767496557,"5-20"
2026-05-04,5.77353943537396,"5-20"
2026-05-05,5.77865484255255,"5-20"
2026-05-06,5.88278042875004,"5-20"
2026-05-07,5.84676282144549,"5-20"
2026-05-08,5.810288876671,"5-20"
2026-05-11,5.82479608894473,"5-20"
2026-05-12,6.00593919393546,"5-20"
2026-05-13,6.0041058894548,"5-20"
2026-05-14,6.02668417725111,"5-20"
2026-05-15,6.01118708442379,"5-20"
2026-05-18,6.0950902000973,"5-20"
2026-05-19,6.1058847354737,"5-20"
2026-05-20,6.09996430276172,"5-20"
2026-05-21,6.11323319466008,"5-20"
2026-05-22,6.08988635024639,"5-20"
2026-05-26,6.07127459747586,"5-20"
2026-05-27,6.04828811735803,"5-20"
2026-05-28,6.04546038850829,"5-20"
2026-05-29,6.05048639656582,"5-20"
2026-06-01,6.04116341542536,"5-20"
2026-06-02,5.95487376508067,"5-20"
2026-06-03,5.95738995568725,"5-20"
2026-06-04,5.96583303960993,"5-20"
2026-06-05,6.3023449456603,"5-20"
2026-06-08,6.12846716975112,"5-20"
2026-06-09,6.07759007353296,"5-20"
2026-06-10,6.12525606446691,"5-20"
2026-06-11,6.03572699352492,"5-20"
2026-06-12,6.04264483346912,"5-20"
2026-06-15,6.13011866777989,"5-20"
2026-06-16,6.00203779052583,"5-20"
2026-06-17,6.01431471007194,"5-20"
2026-06-18,5.92938450879187,"5-20"
2026-06-22,5.86354017819197,"5-20"
2026-06-23,5.93136500821604,"5-20"
2026-06-24,5.86971828405149,"5-20"
2026-06-25,5.83917723340382,"5-20"
2026-06-26,5.77960099519654,"5-20"
2026-06-29,5.75514728188408,"5-20"
2026-06-30,5.74289444714577,"5-20"
2026-07-01,5.69765835049551,"5-20"
2026-07-02,5.69487979092213,"5-20"
2026-07-06,5.7848105461693,"5-20"
2026-07-07,5.77667305052503,"5-20"
2026-07-08,5.78638765783966,"5-20"
2026-07-09,5.79839437411609,"5-20"
2026-07-10,5.81634988064763,"5-20"
2026-07-13,5.92885141158578,"5-20"
2026-07-14,5.85179951711904,"5-20"
2026-07-15,5.85746403101952,"5-20"
2026-07-16,5.87175549993899,"5-20"
2026-07-17,5.86311576203807,"5-20"
2026-07-20,5.8508922308592,"5-20"
2026-07-21,5.84202800925343,"5-20"
2026-07-22,5.83470777663009,"5-20"
2026-07-23,5.87189836490704,"5-20"
2026-07-24,5.88662763173467,"5-20"
2026-07-27,5.87008200359538,"5-20"
2026-07-28,5.87668467168091,"5-20"
2026-07-29,5.88965382037984,"5-20"
2026-07-30,5.82417036439792,"5-20"
2026-07-31,5.78765391206274,"5-20"
2026-08-03,5.74548145440526,"5-20"
2026-08-04,5.84415540484007,"5-20"
2026-08-05,5.78715866689084,"5-20"
2026-08-06,5.77853516328764,"5-20"
2026-08-07,5.77543747681163,"5-20"
2026-08-10,5.72807787420428,"5-20"
2026-08-11,5.73307530780191,"5-20"
2026-08-12,5.71890290784244,"5-20"
2026-08-13,5.71344216877628,"5-20"
2026-08-14,5.69006911132699,"5-20"
2024-07-09,1.89230995890561,"20-Inf"
2024-07-10,1.92598767953865,"20-Inf"
2024-07-11,1.92893399091032,"20-Inf"
2024-07-12,2.0447698311371,"20-Inf"
2024-07-15,2.04268031665727,"20-Inf"
2024-07-16,2.01396939076441,"20-Inf"
2024-07-17,2.00938596353667,"20-Inf"
2024-07-18,2.03482928552396,"20-Inf"
2024-07-19,1.91782413262775,"20-Inf"
2024-07-22,1.91041859918947,"20-Inf"
2024-07-23,1.84013995630507,"20-Inf"
2024-07-24,1.82805884513114,"20-Inf"
2024-07-25,2.11133849005551,"20-Inf"
2024-07-26,1.89165286853436,"20-Inf"
2024-07-29,1.87634268772412,"20-Inf"
2024-07-30,1.90389545429178,"20-Inf"
2024-07-31,1.90871376402906,"20-Inf"
2024-08-01,1.90947980893083,"20-Inf"
2024-08-02,2.00981118146765,"20-Inf"
2024-08-05,2.20865827375104,"20-Inf"
2024-08-06,2.13330443961814,"20-Inf"
2024-08-07,2.15521916088251,"20-Inf"
2024-08-08,2.16969096462515,"20-Inf"
2024-08-09,2.16992015789383,"20-Inf"
2024-08-12,2.17067247233633,"20-Inf"
2024-08-13,2.18063698738095,"20-Inf"
2024-08-14,2.18455686631593,"20-Inf"
2024-08-15,2.22085083539207,"20-Inf"
2024-08-16,2.37206436522723,"20-Inf"
2024-08-19,2.32382856654801,"20-Inf"
2024-08-20,2.29985178455727,"20-Inf"
2024-08-21,2.28263672400339,"20-Inf"
2024-08-22,2.30200481545887,"20-Inf"
2024-08-23,2.30208295565329,"20-Inf"
2024-08-26,2.2711436640201,"20-Inf"
2024-08-27,2.24351411478632,"20-Inf"
2024-08-28,2.23073407078428,"20-Inf"
2024-08-29,2.13229928499661,"20-Inf"
2024-08-30,2.18931872300977,"20-Inf"
2024-09-03,2.21601309887297,"20-Inf"
2024-09-04,2.2292548983713,"20-Inf"
2024-09-05,2.22809913619776,"20-Inf"
2024-09-06,2.20338813529028,"20-Inf"
2024-09-09,2.17322404165262,"20-Inf"
2024-09-10,2.16561849039267,"20-Inf"
2024-09-11,2.15241916722037,"20-Inf"
2024-09-12,2.15097246156139,"20-Inf"
2024-09-13,2.17333987551946,"20-Inf"
2024-09-16,2.20047134987344,"20-Inf"
2024-09-17,2.1967483032072,"20-Inf"
2024-09-18,2.18439623032867,"20-Inf"
2024-09-19,2.18756265457621,"20-Inf"
2024-09-20,2.21200366272939,"20-Inf"
2024-09-23,2.19716238777201,"20-Inf"
2024-09-24,2.19372762653358,"20-Inf"
2024-09-25,2.19133364190502,"20-Inf"
2024-09-26,2.19169920248463,"20-Inf"
2024-09-27,2.1907008679272,"20-Inf"
2024-09-30,2.18861834451375,"20-Inf"
2024-10-01,2.1686835198154,"20-Inf"
2024-10-02,2.17026750568582,"20-Inf"
2024-10-03,2.17331042141029,"20-Inf"
2024-10-04,2.18685891889503,"20-Inf"
2024-10-07,2.18670814285783,"20-Inf"
2024-10-08,2.16767455136236,"20-Inf"
2024-10-09,2.16829405201294,"20-Inf"
2024-10-10,2.16018788165387,"20-Inf"
2024-10-11,2.18334394187057,"20-Inf"
2024-10-14,2.19232601770304,"20-Inf"
2024-10-15,2.20402663797949,"20-Inf"
2024-10-16,2.20082942473777,"20-Inf"
2024-10-17,2.19453105634027,"20-Inf"
2024-10-18,2.19256955499077,"20-Inf"
2024-10-21,2.18398610796029,"20-Inf"
2024-10-22,2.18351832009537,"20-Inf"
2024-10-23,2.18902364505008,"20-Inf"
2024-10-24,2.19414624991707,"20-Inf"
2024-10-25,2.19402358655849,"20-Inf"
2024-10-28,2.1829606259177,"20-Inf"
2024-10-29,2.16810312618354,"20-Inf"
2024-10-30,2.17256874609259,"20-Inf"
2024-10-31,2.21002905673274,"20-Inf"
2024-11-01,2.16362606591857,"20-Inf"
2024-11-04,2.16208867401257,"20-Inf"
2024-11-05,2.17334475736868,"20-Inf"
2024-11-06,2.19762255710574,"20-Inf"
2024-11-07,2.15569390850842,"20-Inf"
2024-11-08,2.18232292180458,"20-Inf"
2024-11-11,2.13323927409675,"20-Inf"
2024-11-12,2.15127691596232,"20-Inf"
2024-11-13,2.13438022628385,"20-Inf"
2024-11-14,2.14657398482723,"20-Inf"
2024-11-15,2.14147098954915,"20-Inf"
2024-11-18,2.12219305953367,"20-Inf"
2024-11-25,2.05337496741135,"20-Inf"
2024-11-26,2.04728844242553,"20-Inf"
2024-11-27,2.04101627526435,"20-Inf"
2024-11-29,2.06080792267352,"20-Inf"
2024-12-02,2.05351590159914,"20-Inf"
2024-12-03,2.06106943762252,"20-Inf"
2024-12-04,2.04076333748614,"20-Inf"
2024-12-05,2.04045623485021,"20-Inf"
2024-12-06,2.06825625070689,"20-Inf"
2024-12-09,2.05494449520806,"20-Inf"
2024-12-10,2.04823101639069,"20-Inf"
2024-12-11,2.06534062153299,"20-Inf"
2024-12-12,2.05760562214025,"20-Inf"
2024-12-13,2.05497051513388,"20-Inf"
2024-12-16,2.05113491899457,"20-Inf"
2024-12-17,2.05385755313496,"20-Inf"
2024-12-18,2.05019980919294,"20-Inf"
2024-12-19,2.04284429659292,"20-Inf"
2024-12-20,2.04069690470993,"20-Inf"
2024-12-23,2.02427205204517,"20-Inf"
2024-12-24,2.02270222717784,"20-Inf"
2024-12-26,2.01314470028245,"20-Inf"
2024-12-27,2.00914815978507,"20-Inf"
2024-12-30,2.01312215236131,"20-Inf"
2024-12-31,2.00317071110448,"20-Inf"
2025-01-02,2.01362883826945,"20-Inf"
2025-01-03,2.01865530661748,"20-Inf"
2025-01-06,2.02691795335299,"20-Inf"
2025-01-07,2.0477475784074,"20-Inf"
2025-01-08,2.0526766111553,"20-Inf"
2025-01-10,2.0387414504902,"20-Inf"
2025-01-13,2.03413222904572,"20-Inf"
2025-01-14,2.03397732645058,"20-Inf"
2025-01-15,2.05035643968196,"20-Inf"
2025-01-16,2.02788518466402,"20-Inf"
2025-01-17,2.04372938914668,"20-Inf"
2025-01-21,2.03503965915204,"20-Inf"
2025-01-22,2.03019212038003,"20-Inf"
2025-01-23,2.02784913869888,"20-Inf"
2025-01-24,2.02521131146564,"20-Inf"
2025-01-27,2.06280009194138,"20-Inf"
2025-01-28,2.03688427834183,"20-Inf"
2025-01-29,2.0246309396637,"20-Inf"
2025-01-30,2.02770204713663,"20-Inf"
2025-01-31,2.01674805795945,"20-Inf"
2025-02-03,2.18822479463051,"20-Inf"
2025-02-04,2.12471458861915,"20-Inf"
2025-02-05,2.10830780080707,"20-Inf"
2025-02-06,2.10656112623901,"20-Inf"
2025-02-07,2.0971845719242,"20-Inf"
2025-02-10,2.09300746484683,"20-Inf"
2025-02-11,2.08885918552936,"20-Inf"
2025-02-12,2.09436168112438,"20-Inf"
2025-02-13,2.08507946619498,"20-Inf"
2025-02-14,2.07616241851034,"20-Inf"
2025-02-18,2.06449014024591,"20-Inf"
2025-02-19,2.04758353066762,"20-Inf"
2025-02-20,2.03197507570232,"20-Inf"
2025-02-21,2.08295023553942,"20-Inf"
2025-02-24,2.11385485051315,"20-Inf"
2025-02-25,2.1280726180548,"20-Inf"
2025-02-26,2.11093369217692,"20-Inf"
2025-02-27,2.14348322313524,"20-Inf"
2025-02-28,2.13332466739592,"20-Inf"
2025-03-03,2.1572937856648,"20-Inf"
2025-03-04,2.17584525689977,"20-Inf"
2025-03-05,2.15885942610202,"20-Inf"
2025-03-06,2.1383904602287,"20-Inf"
2025-03-07,2.11245037009979,"20-Inf"
2025-03-10,2.14535550917746,"20-Inf"
2025-03-11,2.11324532749311,"20-Inf"
2025-03-12,2.12941779364737,"20-Inf"
2025-03-13,2.09029657929578,"20-Inf"
2025-03-14,2.142935029473,"20-Inf"
2025-03-17,2.12252989874819,"20-Inf"
2025-03-18,2.1296588594175,"20-Inf"
2025-03-19,2.12517398307427,"20-Inf"
2025-03-20,2.12189362051486,"20-Inf"
2025-03-21,2.11761673413343,"20-Inf"
2025-03-24,2.17519073439702,"20-Inf"
2025-03-25,2.15382523702701,"20-Inf"
2025-03-26,2.12953607447452,"20-Inf"
2025-03-27,2.12252281158917,"20-Inf"
2025-03-28,2.12085217305946,"20-Inf"
2025-03-31,2.14246560592115,"20-Inf"
2025-04-01,2.13596150920356,"20-Inf"
2025-04-02,2.13065252579288,"20-Inf"
2025-04-03,2.1322479921327,"20-Inf"
2025-04-04,2.1455962505834,"20-Inf"
2025-04-07,2.10940583639874,"20-Inf"
2025-04-08,2.07761158057161,"20-Inf"
2025-04-09,2.11035368567544,"20-Inf"
2025-04-10,2.08753405337266,"20-Inf"
2025-04-11,2.08101043978947,"20-Inf"
2025-04-14,2.0590400011307,"20-Inf"
2025-04-15,2.0576359076169,"20-Inf"
2025-04-16,2.03900271880223,"20-Inf"
2025-04-17,2.03292261595057,"20-Inf"
2025-04-21,1.99487170675607,"20-Inf"
2025-04-22,1.9888490529221,"20-Inf"
2025-04-23,1.97134252792532,"20-Inf"
2025-04-24,1.95619849377351,"20-Inf"
2025-04-25,1.94455627559841,"20-Inf"
2025-04-28,1.94278085388065,"20-Inf"
2025-04-29,1.93954606979644,"20-Inf"
2025-04-30,1.93785968348267,"20-Inf"
2025-05-01,1.94856118318189,"20-Inf"
2025-05-02,1.95659234371462,"20-Inf"
2025-05-05,1.95844800649699,"20-Inf"
2025-05-06,1.96044236630432,"20-Inf"
2025-05-07,1.95313002044685,"20-Inf"
2025-05-08,1.94881643641291,"20-Inf"
2025-05-09,1.92420238893021,"20-Inf"
2025-05-12,1.93792326953718,"20-Inf"
2025-05-13,1.95954785738299,"20-Inf"
2025-05-14,1.98232087888358,"20-Inf"
2025-05-15,1.98522279488552,"20-Inf"
2025-05-16,1.9868502926843,"20-Inf"
2025-05-19,1.97993562168481,"20-Inf"
2025-05-20,1.97851400895152,"20-Inf"
2025-05-21,1.97061847627383,"20-Inf"
2025-05-22,1.96936624438483,"20-Inf"
2025-05-23,1.9755552183673,"20-Inf"
2025-05-27,1.9704509766517,"20-Inf"
2025-05-28,1.96245470923927,"20-Inf"
2025-05-29,1.96154728217381,"20-Inf"
2025-05-30,1.96413073251603,"20-Inf"
2025-06-02,1.95779036927049,"20-Inf"
2025-06-03,1.96101253630182,"20-Inf"
2025-06-04,1.95307967357492,"20-Inf"
2025-06-05,1.94554141443721,"20-Inf"
2025-06-06,1.9377041735682,"20-Inf"
2025-06-09,1.93966228875296,"20-Inf"
2025-06-10,1.92232052112401,"20-Inf"
2025-06-11,1.91548077363224,"20-Inf"
2025-06-12,1.91619324689843,"20-Inf"
2025-06-13,1.90992620661062,"20-Inf"
2025-06-16,1.89739521640857,"20-Inf"
2025-06-17,1.8940468726865,"20-Inf"
2025-06-18,1.89308094681859,"20-Inf"
2025-06-20,1.90037288278173,"20-Inf"
2025-06-23,1.90104207177332,"20-Inf"
2025-06-24,1.90129961286212,"20-Inf"
2025-06-25,1.90487153128773,"20-Inf"
2025-06-26,1.90086542013109,"20-Inf"
2025-06-27,1.90366234017386,"20-Inf"
2025-06-30,1.89504638223608,"20-Inf"
2025-07-01,1.89612142094004,"20-Inf"
2025-07-02,1.8997712510273,"20-Inf"
2025-07-03,1.90567423814954,"20-Inf"
2025-07-07,1.89718465683069,"20-Inf"
2025-07-08,1.89835024893089,"20-Inf"
2025-07-09,1.89129920338775,"20-Inf"
2025-07-10,1.89464889995639,"20-Inf"
2025-07-11,1.89166876139052,"20-Inf"
2025-07-14,1.89107409874565,"20-Inf"
2025-07-15,1.89224373437634,"20-Inf"
2025-07-16,1.87026233668652,"20-Inf"
2025-07-17,1.8712831103624,"20-Inf"
2025-07-18,1.85680783250444,"20-Inf"
2025-07-21,1.84298061802279,"20-Inf"
2025-07-22,1.84086858068251,"20-Inf"
2025-07-23,1.83106193478815,"20-Inf"
2025-07-24,1.83089168457099,"20-Inf"
2025-07-25,1.82684052146065,"20-Inf"
2025-07-28,1.82638948916552,"20-Inf"
2025-07-29,1.82155656945551,"20-Inf"
2025-07-30,1.82101713597743,"20-Inf"
2025-07-31,1.82725975476238,"20-Inf"
2025-08-01,1.86460088802548,"20-Inf"
2025-08-04,1.87981546385536,"20-Inf"
2025-08-05,1.88057047030483,"20-Inf"
2025-08-06,1.87726053551236,"20-Inf"
2025-08-07,1.88738457346918,"20-Inf"
2025-08-08,1.88171533056357,"20-Inf"
2025-08-11,1.88359461747462,"20-Inf"
2025-08-12,1.86895104194372,"20-Inf"
2025-08-13,1.87323086621827,"20-Inf"
2025-08-14,1.87157163407108,"20-Inf"
2025-08-15,1.87227625649982,"20-Inf"
2025-08-18,1.8660116140192,"20-Inf"
2025-08-19,1.87817233748192,"20-Inf"
2025-08-20,1.88381822155687,"20-Inf"
2025-08-21,1.87780059882036,"20-Inf"
2025-08-22,1.86078306378608,"20-Inf"
2025-08-25,1.85502532181931,"20-Inf"
2025-08-26,1.85507441472034,"20-Inf"
2025-08-27,1.8557599833905,"20-Inf"
2025-08-28,1.85062430893846,"20-Inf"
2025-08-29,1.84788697629563,"20-Inf"
2025-09-02,1.84170605365532,"20-Inf"
2025-09-03,1.84456514185118,"20-Inf"
2025-09-04,1.84854662371851,"20-Inf"
2025-09-05,1.85186962104948,"20-Inf"
2025-09-08,1.86005839096342,"20-Inf"
2025-09-09,1.85646040273577,"20-Inf"
2025-09-10,1.85400207057547,"20-Inf"
2025-09-11,1.85951823518386,"20-Inf"
2025-09-12,1.85215088398646,"20-Inf"
2025-09-15,1.85193664117144,"20-Inf"
2025-09-16,1.85001834827009,"20-Inf"
2025-09-17,1.84835651573006,"20-Inf"
2025-09-18,1.86759812880899,"20-Inf"
2025-09-19,1.86591579524848,"20-Inf"
2025-09-22,1.85358865952118,"20-Inf"
2025-09-23,1.85331914920584,"20-Inf"
2025-09-24,1.85295276240008,"20-Inf"
2025-09-25,1.85971231079067,"20-Inf"
2025-09-26,1.85561230692146,"20-Inf"
2025-09-29,1.85218033935679,"20-Inf"
2025-09-30,1.84129520209047,"20-Inf"
2025-10-01,1.84005905716579,"20-Inf"
2025-10-02,1.83616583238474,"20-Inf"
2025-10-03,1.84129919136016,"20-Inf"
2025-10-06,1.83139295425036,"20-Inf"
2025-10-07,1.83930325190953,"20-Inf"
2025-10-08,1.82486121074526,"20-Inf"
2025-10-09,1.82688941679255,"20-Inf"
2025-10-10,1.94668631789088,"20-Inf"
2025-10-13,1.94625885071058,"20-Inf"
2025-10-14,1.93607143988167,"20-Inf"
2025-10-15,1.92941701848106,"20-Inf"
2025-10-16,1.93821109623555,"20-Inf"
2025-10-17,1.91331813815567,"20-Inf"
2025-10-20,1.90281439142571,"20-Inf"
2025-10-21,1.89747305788148,"20-Inf"
2025-10-22,1.88915572773692,"20-Inf"
2025-10-23,1.88576150801373,"20-Inf"
2025-10-24,1.8923642173109,"20-Inf"
2025-10-27,1.9168835118669,"20-Inf"
2025-10-28,1.92445717490262,"20-Inf"
2025-10-29,1.9260628184366,"20-Inf"
2025-10-30,1.93343506243501,"20-Inf"
2025-10-31,1.92735594921019,"20-Inf"
2025-11-03,1.92872408452432,"20-Inf"
2025-11-04,1.93791459077881,"20-Inf"
2025-11-05,1.93768247730616,"20-Inf"
2025-11-06,1.93131240012495,"20-Inf"
2025-11-07,1.93351049762306,"20-Inf"
2025-11-10,1.92971587934586,"20-Inf"
2025-11-11,1.95680335543775,"20-Inf"
2025-11-12,1.94687819640268,"20-Inf"
2025-11-13,1.93925362157272,"20-Inf"
2025-11-14,1.94848882361197,"20-Inf"
2025-11-17,1.95628533449303,"20-Inf"
2025-11-18,1.95679945218213,"20-Inf"
2025-11-19,1.9509918360421,"20-Inf"
2025-11-20,1.97191299115569,"20-Inf"
2025-11-21,1.98827525594621,"20-Inf"
2025-11-24,1.9995958291744,"20-Inf"
2025-11-25,1.98345632870118,"20-Inf"
2025-11-26,1.97429953734938,"20-Inf"
2025-11-28,1.98016808484508,"20-Inf"
2025-12-01,1.95735512716571,"20-Inf"
2025-12-02,1.95515002493679,"20-Inf"
2025-12-03,1.94019502917943,"20-Inf"
2025-12-04,1.94131619751537,"20-Inf"
2025-12-05,1.93613655505433,"20-Inf"
2025-12-08,1.94936430290853,"20-Inf"
2025-12-09,1.94484716677924,"20-Inf"
2025-12-10,1.94837171008599,"20-Inf"
2025-12-11,1.94084070796277,"20-Inf"
2025-12-12,1.95550594177188,"20-Inf"
2025-12-15,1.97605536496484,"20-Inf"
2025-12-16,1.96516126151407,"20-Inf"
2025-12-17,1.97220235737258,"20-Inf"
2025-12-18,1.96212983241964,"20-Inf"
2025-12-19,1.98180190634793,"20-Inf"
2025-12-22,1.94709624005838,"20-Inf"
2025-12-23,1.94912561187968,"20-Inf"
2025-12-24,1.94791275134628,"20-Inf"
2025-12-26,1.9503246910962,"20-Inf"
2025-12-29,1.94818649448791,"20-Inf"
2025-12-30,1.94499945476264,"20-Inf"
2025-12-31,1.94075834918385,"20-Inf"
2026-01-02,1.9526580740699,"20-Inf"
2026-01-05,1.96199765167639,"20-Inf"
2026-01-06,1.96398824055715,"20-Inf"
2026-01-07,1.9696980573491,"20-Inf"
2026-01-08,1.97758469466256,"20-Inf"
2026-01-09,1.96692427263304,"20-Inf"
2026-01-12,1.96600820039468,"20-Inf"
2026-01-13,1.96549764586277,"20-Inf"
2026-01-14,1.95012257357439,"20-Inf"
2026-01-15,1.9467589601486,"20-Inf"
2026-01-16,1.9439291248139,"20-Inf"
2026-01-20,2.08359203013597,"20-Inf"
2026-01-21,2.04909380315928,"20-Inf"
2026-01-22,2.03100870219066,"20-Inf"
2026-01-23,2.01384823781565,"20-Inf"
2026-01-26,2.02471543912839,"20-Inf"
2026-01-27,2.02913805030595,"20-Inf"
2026-01-28,2.04074460635595,"20-Inf"
2026-01-29,2.07486992895856,"20-Inf"
2026-01-30,2.08024517062294,"20-Inf"
2026-02-02,2.06373205371691,"20-Inf"
2026-02-03,2.05625425828068,"20-Inf"
2026-02-04,2.08330189283968,"20-Inf"
2026-02-05,2.06665980672827,"20-Inf"
2026-02-06,2.03475437925214,"20-Inf"
2026-02-09,2.04921289423535,"20-Inf"
2026-02-10,2.04686541409056,"20-Inf"
2026-02-11,2.03580661527819,"20-Inf"
2026-02-12,2.0393644316603,"20-Inf"
2026-02-13,2.04950646893412,"20-Inf"
2026-02-17,2.03937483184824,"20-Inf"
2026-02-18,2.0353864619606,"20-Inf"
2026-02-19,2.03560968269591,"20-Inf"
2026-02-20,2.02807715963322,"20-Inf"
2026-02-23,2.01931710839253,"20-Inf"
2026-02-24,2.0048995441806,"20-Inf"
2026-02-25,1.99510658473568,"20-Inf"
2026-02-26,1.95100860554,"20-Inf"
2026-02-27,1.95394526932268,"20-Inf"
2026-03-02,1.94475694191383,"20-Inf"
2026-03-03,1.9445830279181,"20-Inf"
2026-03-04,1.93856305117814,"20-Inf"
2026-03-05,1.94192673564078,"20-Inf"
2026-03-06,1.95231553038191,"20-Inf"
2026-03-09,1.93209913895912,"20-Inf"
2026-03-10,1.94610239442484,"20-Inf"
2026-03-11,1.94858188584747,"20-Inf"
2026-03-12,1.94993056281985,"20-Inf"
2026-03-13,1.9509688360873,"20-Inf"
2026-03-16,1.94345159896761,"20-Inf"
2026-03-17,1.94398920209032,"20-Inf"
2026-03-18,1.95962427095054,"20-Inf"
2026-03-19,1.97695771302009,"20-Inf"
2026-03-20,2.00352743902777,"20-Inf"
2026-03-23,1.98231024306003,"20-Inf"
2026-03-24,1.9721934164756,"20-Inf"
2026-03-25,1.95863935778264,"20-Inf"
2026-03-26,1.99089256607119,"20-Inf"
2026-03-27,2.06460372824574,"20-Inf"
2026-03-30,2.06840163561668,"20-Inf"
2026-03-31,2.01835791703308,"20-Inf"
2026-04-01,2.0377398275789,"20-Inf"
2026-04-02,2.0340915108363,"20-Inf"
2026-04-06,2.01757706234142,"20-Inf"
2026-04-07,2.0324221610999,"20-Inf"
2026-04-08,2.03959151533133,"20-Inf"
2026-04-09,2.04532477056848,"20-Inf"
2026-04-10,2.0424965596825,"20-Inf"
2026-04-13,2.04413000182397,"20-Inf"
2026-04-14,2.05911656865916,"20-Inf"
2026-04-15,2.06999617389294,"20-Inf"
2026-04-16,2.05363391495918,"20-Inf"
2026-04-17,2.06064388892367,"20-Inf"
2026-04-20,2.05064464447906,"20-Inf"
2026-04-21,2.05720899459937,"20-Inf"
2026-04-22,2.05919279545883,"20-Inf"
2026-04-23,2.05092140764929,"20-Inf"
2026-04-24,2.02633537832438,"20-Inf"
2026-04-27,2.02147428467663,"20-Inf"
2026-04-28,2.03385167576537,"20-Inf"
2026-04-29,2.0386856996524,"20-Inf"
2026-04-30,2.03460632024405,"20-Inf"
2026-05-01,2.03665057108166,"20-Inf"
2026-05-04,2.03009799933209,"20-Inf"
2026-05-05,2.03181512803112,"20-Inf"
2026-05-06,2.07058431115266,"20-Inf"
2026-05-07,2.05670145367669,"20-Inf"
2026-05-08,2.04150320506952,"20-Inf"
2026-05-11,2.04806624655201,"20-Inf"
2026-05-12,2.11188154635796,"20-Inf"
2026-05-13,2.11047537861665,"20-Inf"
2026-05-14,2.11846556367923,"20-Inf"
2026-05-15,2.11302992704686,"20-Inf"
2026-05-18,2.14356343910693,"20-Inf"
2026-05-19,2.14759523078481,"20-Inf"
2026-05-20,2.14516210154829,"20-Inf"
2026-05-21,2.14980131462733,"20-Inf"
2026-05-22,2.14155280618757,"20-Inf"
2026-05-26,2.13554136751942,"20-Inf"
2026-05-27,2.12623774140283,"20-Inf"
2026-05-28,2.12610384244207,"20-Inf"
2026-05-29,2.12944230425534,"20-Inf"
2026-06-01,2.12522354305911,"20-Inf"
2026-06-02,2.09635559348699,"20-Inf"
2026-06-03,2.09816124370712,"20-Inf"
2026-06-04,2.10037073303674,"20-Inf"
2026-06-05,2.22375354350696,"20-Inf"
2026-06-08,2.1604944380405,"20-Inf"
2026-06-09,2.14185100533315,"20-Inf"
2026-06-10,2.15914861695555,"20-Inf"
2026-06-11,2.12338036565209,"20-Inf"
2026-06-12,2.12598600423062,"20-Inf"
2026-06-15,2.15295164834782,"20-Inf"
2026-06-16,2.10738453500276,"20-Inf"
2026-06-17,2.10797521581204,"20-Inf"
2026-06-18,2.07700465385174,"20-Inf"
2026-06-22,2.05366055830079,"20-Inf"
2026-06-23,2.0820369424011,"20-Inf"
2026-06-24,2.0599025927957,"20-Inf"
2026-06-25,2.04833711022491,"20-Inf"
2026-06-26,2.02651215929048,"20-Inf"
2026-06-29,2.01803962669826,"20-Inf"
2026-06-30,2.01379894524785,"20-Inf"
2026-07-01,1.9981647702251,"20-Inf"
2026-07-02,1.9984315231774,"20-Inf"
2026-07-06,2.03651388105461,"20-Inf"
2026-07-07,2.03321578326445,"20-Inf"
2026-07-08,2.03676247411883,"20-Inf"
2026-07-09,2.0407528088665,"20-Inf"
2026-07-10,2.04784704752242,"20-Inf"
2026-07-13,2.09019440956653,"20-Inf"
2026-07-14,2.06141511612281,"20-Inf"
2026-07-15,2.06305839219126,"20-Inf"
2026-07-16,2.06495650577031,"20-Inf"
2026-07-17,2.0625262725681,"20-Inf"
2026-07-20,2.05819888417568,"20-Inf"
2026-07-21,2.05596402871392,"20-Inf"
2026-07-22,2.05315660792965,"20-Inf"
2026-07-23,2.06570630485069,"20-Inf"
2026-07-24,2.07198546010774,"20-Inf"
2026-07-27,2.06634781800279,"20-Inf"
2026-07-28,2.0697396545355,"20-Inf"
2026-07-29,2.07504506538874,"20-Inf"
2026-07-30,2.05128882883073,"20-Inf"
2026-07-31,2.03892499654235,"20-Inf"
2026-08-03,2.02393025111969,"20-Inf"
2026-08-04,2.06339259605443,"20-Inf"
2026-08-05,2.03683726104635,"20-Inf"
2026-08-06,2.03432893179663,"20-Inf"
2026-08-07,2.03356308083691,"20-Inf"
2026-08-10,2.0163007043102,"20-Inf"
2026-08-11,2.01784899139395,"20-Inf"
2026-08-12,2.01261697314457,"20-Inf"
2026-08-13,2.01114064589628,"20-Inf"
2026-08-14,2.00276961456355,"20-Inf"
