"date","TCI"
2024-07-09,43.2923097608333
2024-07-10,43.9907430447133
2024-07-11,43.9453801575007
2024-07-12,46.702233203084
2024-07-15,46.3522246467859
2024-07-16,46.8431812036505
2024-07-17,48.0205511315999
2024-07-18,47.0606974193039
2024-07-19,48.8322503877827
2024-07-22,48.7599344606718
2024-07-23,49.0366178601438
2024-07-24,49.2480181922704
2024-07-25,50.0116533174407
2024-07-26,50.3455582143229
2024-07-29,49.7124125680326
2024-07-30,49.5492111477249
2024-07-31,49.5962429857855
2024-08-01,49.0669785186332
2024-08-02,49.9286186762503
2024-08-05,50.7898992072168
2024-08-06,50.1639542575594
2024-08-07,50.2773962129491
2024-08-08,50.2657949670681
2024-08-09,50.1467424519601
2024-08-12,50.0858127537849
2024-08-13,50.0354784338889
2024-08-14,49.9872183830297
2024-08-15,49.9375238014887
2024-08-16,49.5716000688502
2024-08-19,49.2133482334315
2024-08-20,48.8826500513978
2024-08-21,48.7466492113881
2024-08-22,48.8780389200484
2024-08-23,48.9945669984091
2024-08-26,49.1492454860136
2024-08-27,48.6757453902891
2024-08-28,48.5842214648597
2024-08-29,47.4011144322214
2024-08-30,47.7596588470145
2024-09-03,48.0303780846536
2024-09-04,47.8945389569784
2024-09-05,47.8165676408822
2024-09-06,47.7122173351141
2024-09-09,46.8526239832518
2024-09-10,46.8290856208004
2024-09-11,46.6641293808273
2024-09-12,46.6221581433669
2024-09-13,46.9886836253762
2024-09-16,47.0918948042489
2024-09-17,46.9969278183229
2024-09-18,46.7335386667534
2024-09-19,46.8395797985739
2024-09-20,46.858582302526
2024-09-23,46.5990192444221
2024-09-24,46.4945356025729
2024-09-25,46.4693920563203
2024-09-26,46.3610774866353
2024-09-27,46.3363254655513
2024-09-30,46.3805293707933
2024-10-01,46.2936374443061
2024-10-02,46.4260230939278
2024-10-03,46.0393161518563
2024-10-04,46.1517214014284
2024-10-07,45.9775520124554
2024-10-08,45.7141713339856
2024-10-09,45.7031173685192
2024-10-10,45.5546261493402
2024-10-11,45.6985584036219
2024-10-14,45.7828725820265
2024-10-15,46.0372785369776
2024-10-16,46.00337631849
2024-10-17,45.9430022773344
2024-10-18,46.0428345884314
2024-10-21,45.9268767292105
2024-10-22,45.8732954508299
2024-10-23,45.944119528085
2024-10-24,45.9364122198828
2024-10-25,45.8568251015867
2024-10-28,45.7774345139886
2024-10-29,45.6846624173561
2024-10-30,45.5329541116639
2024-10-31,46.3259965395645
2024-11-01,46.3473018061331
2024-11-04,46.3934682243496
2024-11-05,46.4093788850302
2024-11-06,46.9507025904817
2024-11-07,47.0261860605415
2024-11-08,46.982727626756
2024-11-11,46.5806559285194
2024-11-12,46.4798742216623
2024-11-13,46.2850834761084
2024-11-14,46.4159240123569
2024-11-15,46.3850837801477
2024-11-18,45.9578659578436
2024-11-25,44.9313783072832
2024-11-26,44.5087615310208
2024-11-27,44.2494517699466
2024-11-29,44.3996123270899
2024-12-02,44.2020632084126
2024-12-03,43.9781594744535
2024-12-04,43.857543226656
2024-12-05,43.7739344627271
2024-12-06,43.9823601080388
2024-12-09,43.8030105648297
2024-12-10,43.6256167987525
2024-12-11,43.9958466320963
2024-12-12,43.6400863477776
2024-12-13,43.3932281948569
2024-12-16,43.2125960631415
2024-12-17,43.2675755857148
2024-12-18,43.8766056378665
2024-12-19,44.0171926508671
2024-12-20,44.0446521326271
2024-12-23,43.6926067364464
2024-12-24,43.6284139448684
2024-12-26,43.3789511686124
2024-12-27,43.4181298967203
2024-12-30,43.4868897090911
2024-12-31,43.3177224177744
2025-01-02,43.4415684804224
2025-01-03,43.3677338302735
2025-01-06,43.3203769705379
2025-01-07,43.4942764343853
2025-01-08,43.513396766326
2025-01-10,43.3551321693245
2025-01-13,43.2248814537629
2025-01-14,43.205284947154
2025-01-15,43.7056234467509
2025-01-16,43.2711961594238
2025-01-17,43.5013775400553
2025-01-21,43.279585734826
2025-01-22,43.1820893478481
2025-01-23,43.1533212578683
2025-01-24,43.1551833508457
2025-01-27,43.7496147493403
2025-01-28,43.6017771281286
2025-01-29,43.4595351057245
2025-01-30,43.4162461304052
2025-01-31,43.2392170981231
2025-02-03,45.4121805716073
2025-02-04,44.4670586512246
2025-02-05,44.1860308454246
2025-02-06,44.1231406102552
2025-02-07,44.0891520112321
2025-02-10,44.097347673391
2025-02-11,44.0865194597307
2025-02-12,44.1492312596526
2025-02-13,44.2009305352903
2025-02-14,43.8937533099587
2025-02-18,43.6249788018553
2025-02-19,43.2677799814514
2025-02-20,42.9326579680097
2025-02-21,43.6694975431939
2025-02-24,43.760655808913
2025-02-25,43.6326001637911
2025-02-26,43.4129167831878
2025-02-27,43.9733274652569
2025-02-28,43.8757730054404
2025-03-03,43.8888918114721
2025-03-04,43.9930292550329
2025-03-05,43.7553642239522
2025-03-06,43.7249263184768
2025-03-07,43.5459830696528
2025-03-10,44.6762974413694
2025-03-11,44.5747495770101
2025-03-12,44.6171928023471
2025-03-13,44.2791528683863
2025-03-14,44.7618289494203
2025-03-17,44.7063901676801
2025-03-18,44.6227361040398
2025-03-19,44.654146109542
2025-03-20,44.615387434419
2025-03-21,44.5769644201248
2025-03-24,45.1315828953978
2025-03-25,44.9950847782804
2025-03-26,44.8087115695338
2025-03-27,44.720287253924
2025-03-28,45.0585465691792
2025-03-31,44.9048086606949
2025-04-01,44.8381125241936
2025-04-02,44.7673628899228
2025-04-03,44.7979710674534
2025-04-04,45.1665296591896
2025-04-07,45.2681916084176
2025-04-08,45.3257246947323
2025-04-09,46.79299134453
2025-04-10,45.7606093330972
2025-04-11,46.2938093074088
2025-04-14,46.163099719848
2025-04-15,46.1250100896318
2025-04-16,45.712602435245
2025-04-17,45.773865687992
2025-04-21,45.2053444457325
2025-04-22,45.0145469390213
2025-04-23,44.9445592188164
2025-04-24,44.9513250390658
2025-04-25,44.5541736388105
2025-04-28,44.5042712497163
2025-04-29,44.3568631580419
2025-04-30,44.3466353628419
2025-05-01,44.3672052971763
2025-05-02,44.3353624509876
2025-05-05,44.2833050887331
2025-05-06,44.1761311927853
2025-05-07,44.0393164281688
2025-05-08,43.9679365796408
2025-05-09,43.7867533354716
2025-05-12,44.4040039417403
2025-05-13,44.5076432942523
2025-05-14,44.5688462541894
2025-05-15,44.7120122257617
2025-05-16,44.7376347764221
2025-05-19,44.6436123798851
2025-05-20,44.6065653990139
2025-05-21,44.4296869570047
2025-05-22,44.363004641705
2025-05-23,44.4641595815462
2025-05-27,44.3241955476476
2025-05-28,44.2890942440122
2025-05-29,44.3267612164857
2025-05-30,44.3105316034181
2025-06-02,44.2591400669547
2025-06-03,44.2463118713931
2025-06-04,44.1861670729997
2025-06-05,44.0955034830887
2025-06-06,44.2003831007679
2025-06-09,44.1111295883292
2025-06-10,43.8425992486327
2025-06-11,43.8732129038239
2025-06-12,43.8760778300729
2025-06-13,43.7617501855518
2025-06-16,43.645428397731
2025-06-17,43.6438585223469
2025-06-18,43.6504676794809
2025-06-20,43.7466438321407
2025-06-23,43.7028630266552
2025-06-24,43.6614819174576
2025-06-25,43.6612462406323
2025-06-26,43.5909175416553
2025-06-27,43.5548347198787
2025-06-30,43.5234798313599
2025-07-01,43.4852123689393
2025-07-02,43.6048336615406
2025-07-03,43.4454494935992
2025-07-07,43.3432514531447
2025-07-08,43.338222628242
2025-07-09,43.3172518361252
2025-07-10,43.2028166971308
2025-07-11,43.0664321119781
2025-07-14,43.0200255671862
2025-07-15,43.0115886357615
2025-07-16,42.8761992851324
2025-07-17,42.8524239684753
2025-07-18,42.6890728308905
2025-07-21,42.5864289099727
2025-07-22,42.4782282893137
2025-07-23,42.5284248724635
2025-07-24,42.4655439853984
2025-07-25,42.4248736310927
2025-07-28,42.4462884799901
2025-07-29,42.4445821566467
2025-07-30,42.5202663652736
2025-07-31,42.5706748631132
2025-08-01,43.729452508341
2025-08-04,43.6114679206423
2025-08-05,43.733381117434
2025-08-06,43.7134464335364
2025-08-07,43.7752438160918
2025-08-08,43.6382933452259
2025-08-11,43.5733017174199
2025-08-12,43.7039759713457
2025-08-13,43.7177616555447
2025-08-14,43.744417010495
2025-08-15,43.7435775560401
2025-08-18,43.7146344240292
2025-08-19,43.9126642550992
2025-08-20,43.7485882880891
2025-08-21,43.7446887369948
2025-08-22,44.3698936191087
2025-08-25,44.3889490891384
2025-08-26,44.1878218218947
2025-08-27,44.141370142179
2025-08-28,44.0853358236345
2025-08-29,43.905599196077
2025-09-02,43.9342782082529
2025-09-03,43.8656729432025
2025-09-04,43.7490936555521
2025-09-05,43.8541661537609
2025-09-08,43.8539817685951
2025-09-09,43.9409427145573
2025-09-10,43.9368796961379
2025-09-11,43.9357447517272
2025-09-12,43.8602340867606
2025-09-15,43.666924111019
2025-09-16,43.6387826088934
2025-09-17,43.607389096774
2025-09-18,43.7250001928352
2025-09-19,43.5717392821524
2025-09-22,43.4627433072789
2025-09-23,43.2609858161035
2025-09-24,43.2898333076311
2025-09-25,43.4108985698658
2025-09-26,43.4662151773951
2025-09-29,43.3522069593463
2025-09-30,43.1940364159237
2025-10-01,43.2259782144873
2025-10-02,43.2708267580819
2025-10-03,43.0963882326831
2025-10-06,43.0547483718334
2025-10-07,43.2464101992552
2025-10-08,43.2295077923913
2025-10-09,43.2177245755265
2025-10-10,45.3341394498255
2025-10-13,45.5028203142406
2025-10-14,45.2880228256719
2025-10-15,45.0722649605891
2025-10-16,45.0667002651286
2025-10-17,44.7677274851158
2025-10-20,44.8741797095298
2025-10-21,44.9327866369339
2025-10-22,44.8665140033512
2025-10-23,44.9416949260848
2025-10-24,44.9217646206238
2025-10-27,44.9001317037775
2025-10-28,44.8967338798042
2025-10-29,45.0048653492973
2025-10-30,44.9466595563573
2025-10-31,44.8309565652424
2025-11-03,44.7091929385204
2025-11-04,44.7694689826228
2025-11-05,45.0646813962406
2025-11-06,45.1872836659371
2025-11-07,45.132568701231
2025-11-10,45.2683279684673
2025-11-11,45.5513212604114
2025-11-12,45.4405786421435
2025-11-13,45.3264960489581
2025-11-14,45.4868639048249
2025-11-17,45.2894369578692
2025-11-18,45.2392299370484
2025-11-19,45.1417719987617
2025-11-20,45.5144309308757
2025-11-21,45.4681797014066
2025-11-24,45.9154917398961
2025-11-25,45.9713563175632
2025-11-26,45.905675354825
2025-11-28,45.7328932800602
2025-12-01,45.3951397217673
2025-12-02,45.2406795215381
2025-12-03,45.1656730034113
2025-12-04,45.1700680358543
2025-12-05,45.1745346033481
2025-12-08,45.2363102458318
2025-12-09,45.1673474404519
2025-12-10,45.1566186471261
2025-12-11,45.0715927549821
2025-12-12,45.2255076200209
2025-12-15,45.2192039438773
2025-12-16,44.953339529338
2025-12-17,45.0035921005752
2025-12-18,44.7739249769269
2025-12-19,44.9737088963167
2025-12-22,44.2137333940085
2025-12-23,44.2372191664947
2025-12-24,44.2333007090227
2025-12-26,44.2135495813319
2025-12-29,44.1481273054688
2025-12-30,44.0371314842491
2025-12-31,43.9955437295896
2026-01-02,43.9892121849027
2026-01-05,44.0302988009499
2026-01-06,44.1516961158885
2026-01-07,44.149538437388
2026-01-08,44.1164515804052
2026-01-09,44.1080753423378
2026-01-12,44.0511108410362
2026-01-13,44.0664992724177
2026-01-14,43.9444354600883
2026-01-15,43.8568350207472
2026-01-16,43.6902101197607
2026-01-20,45.011939861468
2026-01-21,45.1070514573799
2026-01-22,44.9372673119859
2026-01-23,44.5423718988249
2026-01-26,44.552398157287
2026-01-27,44.6761048061929
2026-01-28,44.808668975434
2026-01-29,45.0755193150533
2026-01-30,45.3720954818746
2026-02-02,45.1042809750874
2026-02-03,44.6283625283867
2026-02-04,44.6748389344164
2026-02-05,44.7900693039817
2026-02-06,45.8596641636799
2026-02-09,45.4968540178557
2026-02-10,45.5756212492458
2026-02-11,45.6225512932738
2026-02-12,46.0625149214221
2026-02-13,46.2857633921955
2026-02-17,46.13704042004
2026-02-18,46.136070551111
2026-02-19,46.1051064185367
2026-02-20,46.0046374908576
2026-02-23,45.731092530947
2026-02-24,45.6253610767346
2026-02-25,45.7325107109125
2026-02-26,45.6849903912429
2026-02-27,45.7220612938562
2026-03-02,45.8706187703096
2026-03-03,46.1310403945701
2026-03-04,45.8933124212754
2026-03-05,45.7787682027548
2026-03-06,45.7427859331742
2026-03-09,45.4407680201749
2026-03-10,45.4842494247321
2026-03-11,45.5054066048966
2026-03-12,45.4614088822491
2026-03-13,45.5171687992784
2026-03-16,45.2284900015558
2026-03-17,45.2171100292834
2026-03-18,45.5412539085494
2026-03-19,45.4177372833603
2026-03-20,45.4873528655814
2026-03-23,45.3461483379704
2026-03-24,45.2626150480564
2026-03-25,45.1659733738078
2026-03-26,46.6657444940683
2026-03-27,46.7734922114277
2026-03-30,46.493180970287
2026-03-31,46.8129646494992
2026-04-01,47.0072089744404
2026-04-02,46.6380421225459
2026-04-06,46.4639238520215
2026-04-07,46.5632471482504
2026-04-08,46.3430089645774
2026-04-09,46.2008928594957
2026-04-10,46.0591206737324
2026-04-13,46.084280764807
2026-04-14,46.0240666544012
2026-04-15,46.0763302212518
2026-04-16,45.9934198546488
2026-04-17,46.1965139491877
2026-04-20,46.1722871241067
2026-04-21,46.1656331384963
2026-04-22,46.29305045991
2026-04-23,46.1523585767265
2026-04-24,45.900566148883
2026-04-27,45.8863007824105
2026-04-28,46.0247185398949
2026-04-29,45.8843167246357
2026-04-30,45.867362363917
2026-05-01,45.7936562475838
2026-05-04,45.6848098381076
2026-05-05,45.6480418349004
2026-05-06,46.0083964246821
2026-05-07,45.9935671852616
2026-05-08,46.3272070350092
2026-05-11,46.3920132529502
2026-05-12,47.4701580090018
2026-05-13,47.1615678119938
2026-05-14,47.1812578091185
2026-05-15,47.3483802676931
2026-05-18,47.4705612428746
2026-05-19,47.4429548861982
2026-05-20,47.652173187392
2026-05-21,47.6926046150602
2026-05-22,47.5731139622955
2026-05-26,47.414404403054
2026-05-27,47.3677356895193
2026-05-28,47.2694603369032
2026-05-29,47.2212504187328
2026-06-01,47.1363594042651
2026-06-02,46.4728483337239
2026-06-03,46.5812997741705
2026-06-04,46.5321326058658
2026-06-05,48.6786039167192
2026-06-08,48.4595416911056
2026-06-09,48.3998577565326
2026-06-10,48.5838131103846
2026-06-11,49.3055059025922
2026-06-12,48.9957509341656
2026-06-15,49.8266064419281
2026-06-16,49.1247768052107
2026-06-17,49.2677464317029
2026-06-18,49.0082314705866
2026-06-22,48.9155258832758
2026-06-23,48.9941518360032
2026-06-24,48.2415343448252
2026-06-25,48.0775405953549
2026-06-26,47.579808064173
2026-06-29,47.3889051466882
2026-06-30,47.1866326399785
2026-07-01,46.7788734733437
2026-07-02,46.5418087280015
2026-07-06,46.5369395111682
2026-07-07,46.9729025304583
2026-07-08,46.9071210469743
2026-07-09,47.0569187214324
2026-07-10,46.9447603898536
2026-07-13,47.642245712587
2026-07-14,48.0877089515731
2026-07-15,47.9455324049564
2026-07-16,48.0462726316364
2026-07-17,47.9479812928892
2026-07-20,47.8307478901618
2026-07-21,47.6201743605983
2026-07-22,47.5540484169727
2026-07-23,47.9395715591769
2026-07-24,47.8961101614769
2026-07-27,47.7137266008501
2026-07-28,47.577735808754
2026-07-29,47.3980505508481
2026-07-30,47.4852110763231
2026-07-31,47.0970932759431
2026-08-03,46.7446461313444
2026-08-04,47.0711512920133
2026-08-05,46.9366427502008
2026-08-06,46.8139246040848
2026-08-07,46.9622845686537
2026-08-10,46.9296612181178
2026-08-11,46.8493313283222
2026-08-12,46.7677775123709
2026-08-13,46.6341488721215
2026-08-14,46.4853233635074
