date,0,1
2025-02-25,0.9928914666405162,0.007108533359486781
2025-02-26,0.9992972985338543,0.0007027014661488007
2025-02-27,0.9987258422859892,0.0012741577140137966
2025-02-28,0.9979634128677656,0.002036587132237316
2025-03-03,0.9961614327385668,0.0038385672614360032
2025-03-04,0.9824665623943837,0.017533437605619158
2025-03-05,0.9863889808974753,0.01361101910252734
2025-03-06,0.9990514698980869,0.0009485301019158138
2025-03-07,0.9982736855109743,0.0017263144890284482
2025-03-10,0.9958241080041583,0.004175891995844519
2025-03-11,0.98513790429026,0.014862095709742694
2025-03-12,0.9818289092676993,0.0181710907323034
2025-03-13,0.9898480838801099,0.010151916119892766
2025-03-14,0.9921129869650636,0.007887013034939076
2025-03-17,0.991876164044999,0.008123835955003694
2025-03-18,0.9932432341367295,0.006756765863273084
2025-03-19,0.9918248036330402,0.008175196366962338
2025-03-20,0.9938194018756175,0.006180598124385122
2025-03-21,0.996469731039097,0.003530268960905588
2025-03-24,0.9997942646448523,0.00020573535515006135
2025-03-25,0.9998534316363756,0.00014656836362687874
2025-03-26,0.9998402348030524,0.00015976519695011458
2025-03-27,0.9998727583229635,0.00012724167703899135
2025-03-28,0.9999725659238214,2.7434076181185585e-05
2025-03-31,0.9999765543280573,2.344567194523363e-05
2025-04-01,0.9999403202374552,5.967976254728247e-05
2025-04-02,0.9997490259106987,0.0002509740893039274
2025-04-03,0.9965829032683393,0.003417096731663195
2025-04-04,0.9562425037596106,0.0437574962403919
2025-04-07,0.9058501343064512,0.09414986569355142
2025-04-08,0.8577617681208513,0.14223823187915122
2025-04-09,0.7701315959168324,0.22986840408317014
2025-04-10,0.4981927342281374,0.5018072657718653
2025-04-11,0.40769908955552736,0.5923009104444754
2025-04-14,0.352083920196161,0.6479160798038419
2025-04-15,0.3620914955977211,0.637908504402282
2025-04-16,0.4113255374749422,0.5886744625250608
2025-04-17,0.47597900139481897,0.524020998605184
2025-04-21,0.5997590298875057,0.4002409701124972
2025-04-22,0.7261327303742183,0.2738672696257846
2025-04-23,0.8242084113751473,0.17579158862485542
2025-04-24,0.9263257923464568,0.07367420765354595
2025-04-25,0.9952282976175811,0.004771702382421705
2025-04-28,0.9994664578370726,0.0005335421629302084
2025-04-29,0.9990362781165775,0.0009637218834254922
2025-04-30,0.9973370916185875,0.0026629083814153757
2025-05-01,0.9973520543007344,0.002647945699268698
2025-05-02,0.9981651604852567,0.0018348395147462526
2025-05-05,0.9999015557267833,9.844427321946173e-05
2025-05-06,0.9998830918230344,0.0001169081769685776
2025-05-07,0.9999344959263912,6.550407361175166e-05
2025-05-08,0.9997448587736767,0.0002551412263262003
2025-05-09,0.9960196615677896,0.003980338432213139
2025-05-12,0.859395675484642,0.14060432451536087
2025-05-13,9.763998346292181e-05,0.9999023600165398
2025-05-14,6.559478228456673e-07,0.9999993440521798
2025-05-15,8.161478447088709e-06,0.9999918385215556
2025-05-16,0.0004390037539635819,0.999560996246039
2025-05-19,0.014131576581928108,0.9858684234180745
2025-05-20,0.1136079813430946,0.8863920186569081
2025-05-21,0.41412846183583785,0.5858715381641646
2025-05-22,0.8440084835198502,0.1559915164801522
2025-05-23,0.9544810726322488,0.04551892736775358
2025-05-27,0.9996080433884242,0.00039195661157818686
2025-05-28,0.9999800885483662,1.9911451636162787e-05
2025-05-29,0.9999636181866137,3.6381813388514037e-05
2025-05-30,0.9999149590213467,8.504097865546579e-05
2025-06-02,0.9994707032901358,0.0005292967098665206
2025-06-03,0.999915904319602,8.409568040046698e-05
2025-06-04,0.9995164337463416,0.0004835662536607247
2025-06-05,0.9997220648350642,0.00027793516493804753
2025-06-06,0.999706277694793,0.00029372230520930564
2025-06-09,0.9994881090044943,0.0005118909955080662
2025-06-10,0.9986628990268206,0.0013371009731816352
2025-06-11,0.9978321000719119,0.0021678999280903507
2025-06-12,0.9979672977403635,0.0020327022596386473
2025-06-13,0.9985775004312888,0.001422499568713285
2025-06-16,0.9999517866947537,4.8213305248331725e-05
2025-06-17,0.9999726089550426,2.7391044959541003e-05
2025-06-18,0.9999088455084528,9.115449154913769e-05
2025-06-20,0.9998048858164968,0.00019511418350520276
2025-06-23,0.9994983678342169,0.0005016321657852161
2025-06-24,0.9991835107239532,0.0008164892760490125
2025-06-25,0.995868882717197,0.004131117282805165
2025-06-26,0.9403249616315876,0.059675038368414444
2025-06-27,0.9008715732887926,0.09912842671120942
2025-06-30,0.859128396991618,0.14087160300838417
2025-07-01,0.7945407400500243,0.205459259949978
2025-07-02,0.6261893919714562,0.37381060802854604
2025-07-03,0.03086814182896262,0.9691318581710398
2025-07-07,0.009392076578566631,0.9906079234214356
2025-07-08,0.0037827072056355413,0.9962172927943665
2025-07-09,0.026095926150558252,0.9739040738494438
2025-07-10,0.21800483564378953,0.7819951643562126
2025-07-11,0.7750996740434478,0.22490032595655432
2025-07-14,0.9583536164910846,0.04164638350891715
2025-07-15,0.999464580727957,0.0005354192720449327
2025-07-16,0.9998753459900043,0.00012465400999765315
2025-07-17,0.9997499603157406,0.00025003968426135165
2025-07-18,0.9992841926973539,0.0007158073026481331
2025-07-21,0.9990689555185903,0.0009310444814115342
2025-07-22,0.9988219331778042,0.0011780668221977838
2025-07-23,0.9983108987220252,0.0016891012779767292
2025-07-24,0.9985364354740401,0.0014635645259616506
2025-07-25,0.9996311716111195,0.0003688283888823318
2025-07-28,0.9995734101485598,0.0004265898514420593
2025-07-29,0.9992911996157492,0.0007088003842526081
2025-07-30,0.9992964669590438,0.0007035330409578718
2025-07-31,0.9994191948807886,0.000580805119213208
2025-08-01,0.9997523002358287,0.0002476997641730348
2025-08-04,0.9998197116860372,0.00018028831396448152
2025-08-05,0.9997180772001864,0.000281922799815227
2025-08-06,0.997208558780517,0.002791441219484696
2025-08-07,0.9923001541363186,0.00769984586368305
2025-08-08,0.9760423220491643,0.023957677950837385
2025-08-11,0.9834932578817039,0.016506742118297814
2025-08-12,0.9851919625582678,0.014808037441734066
2025-08-13,0.9802563704075746,0.01974362959242721
2025-08-14,0.9976482434972982,0.0023517565027036205
2025-08-15,0.9992988005730413,0.0007011994269603872
2025-08-18,0.9998617443394857,0.00013825566051600156
2025-08-19,0.9997666375748899,0.0002333624251118064
2025-08-20,0.9995685301885562,0.00043146981144555406
2025-08-21,0.9991134280807099,0.0008865719192919216
2025-08-22,0.9940116607866617,0.005988339213340093
2025-08-25,0.9508525442824469,0.049147455717554835
2025-08-26,0.9551504681167332,0.044849531883268484
2025-08-27,0.9825358697443832,0.01746413025561843
2025-08-28,0.9863045678353322,0.013695432164669565
2025-08-29,0.9762816563598162,0.023718343640185338
2025-09-02,0.9282585744232035,0.07174142557679816
2025-09-03,0.9259319563533418,0.07406804364666
2025-09-04,0.9432637523290719,0.056736247670929836
2025-09-05,0.974698467786262,0.02530153221373988
2025-09-08,0.9838864684495701,0.016113531550432023
2025-09-09,0.9927424069829386,0.007257593017063505
2025-09-10,0.9959444040559509,0.004055595944051173
2025-09-11,0.9965625367826542,0.003437463217347849
2025-09-12,0.9975203251840246,0.0024796748159775736
2025-09-15,0.9982710069550201,0.0017289930449819403
2025-09-16,0.99958644537571,0.00041355462429231647
2025-09-17,0.9994119479696381,0.0005880520303641725
2025-09-18,0.9993732866648456,0.0006267133351568351
2025-09-19,0.9999837130388632,1.6286961139298053e-05
2025-09-22,0.9999646959731695,3.530402683304461e-05
2025-09-23,0.9997788748152823,0.00022112518472026027
2025-09-24,0.999425106527433,0.0005748934725696365
2025-09-25,0.9988040314800776,0.0011959685199249945
2025-09-26,0.9989930305323171,0.0010069694676854883
2025-09-29,0.9990159691559272,0.0009840308440753611
2025-09-30,0.9992390762282102,0.0007609237717922739
2025-10-01,0.9989691003061031,0.0010308996938992133
2025-10-02,0.9925555868772659,0.007444413122736696
2025-10-03,0.9925273573727663,0.0074726426272363825
2025-10-06,0.9912193653421129,0.008780634657889946
2025-10-07,0.986586685176037,0.013413314823965718
2025-10-08,0.9827623142873629,0.017237685712639766
2025-10-09,0.9856457279682435,0.014354272031759104
2025-10-10,0.9891476859178608,0.010852314082141717
2025-10-13,0.9913317151447786,0.008668284855223822
2025-10-14,0.99993252566152,6.747433848237547e-05
2025-10-15,0.9999013402963323,9.86597036700449e-05
2025-10-16,0.9973741083116271,0.0026258916883751715
2025-10-17,0.9952790860915355,0.004720913908466675
2025-10-20,0.989435439745724,0.010564560254277811
2025-10-21,0.9746333066534999,0.025366693346501924
2025-10-22,0.9575649608743114,0.042435039125690494
2025-10-23,0.9616114166475418,0.03838858335246005
2025-10-24,0.9663279238065828,0.03367207619341922
2025-10-27,0.9630498608095848,0.03695013919041726
2025-10-28,0.9802779570847237,0.019722042915278272
2025-10-29,0.9887529644253188,0.011247035574683139
2025-10-30,0.9910267313019592,0.008973268698042674
2025-10-31,0.9883128023021435,0.011687197697858392
2025-11-03,0.9778785699666481,0.02212143003335372
2025-11-04,0.94655729930323,0.05344270069677186
2025-11-05,0.6631667363346662,0.3368332636653357
2025-11-06,0.47525960271966317,0.5247403972803386
2025-11-07,0.34970631354786624,0.6502936864521354
2025-11-10,0.12197693365470845,0.8780230663452933
2025-11-11,0.025718122931200942,0.9742818770688009
2025-11-12,0.050344502679933234,0.9496554973200685
2025-11-13,0.22535923975994465,0.7746407602400569
2025-11-14,0.5076292032807155,0.49237079671928596
2025-11-17,0.7430188976693836,0.256981102330618
2025-11-18,0.896482218616013,0.10351778138398866
2025-11-19,0.9735762861523284,0.026423713847673315
2025-11-20,0.9877868319659547,0.012213168034047053
2025-11-21,0.9993783138356668,0.0006216861643350205
2025-11-24,0.9997314296441578,0.0002685703558437352
2025-11-25,0.9999782035259641,2.17964740374705e-05
2025-11-26,0.9999539108250768,4.6089174924903005e-05
2025-11-28,0.9999234073964234,7.659260357819522e-05
2025-12-01,0.9998929098164558,0.00010709018354557873
2025-12-02,0.999727625892136,0.00027237410786527794
2025-12-03,0.9996224546327835,0.0003775453672177705
2025-12-04,0.9997235508161051,0.00027644918389632407
2025-12-05,0.9996907416077278,0.00030925839227369066
2025-12-08,0.9992863164789593,0.0007136835210422188
2025-12-09,0.9994413712174007,0.0005586287826007739
2025-12-10,0.9988011814638268,0.0011988185361746606
2025-12-11,0.997773595019345,0.002226404980656398
2025-12-12,0.9941742074246561,0.005825792575345233
2025-12-15,0.9951222918201132,0.004877708179888113
2025-12-16,0.994558381123426,0.0054416188765753284
2025-12-17,0.9952860632793394,0.004713936720661793
2025-12-18,0.9965449714942927,0.0034550285057085685
2025-12-19,0.9969808671018412,0.003019132898160132
2025-12-22,0.9985390315895848,0.0014609684104165772
2025-12-23,0.9987338339376008,0.0012661660624004067
2025-12-24,0.9980810556777835,0.0019189443222176318
2025-12-26,0.998137401082498,0.0018625989175032834
2025-12-29,0.9986658854665883,0.0013341145334130238
2025-12-30,0.9993104237947978,0.0006895762052033981
2025-12-31,0.9993976520697003,0.0006023479303009728
2026-01-02,0.9995622758056865,0.0004377241943147584
2026-01-05,0.9991672014077103,0.0008327985922908208
2026-01-06,0.9999280511911871,7.194880881400521e-05
2026-01-07,0.9996713052339113,0.0003286947660896954
2026-01-08,0.9912838442714885,0.008716155728512523
2026-01-09,0.8520321143944699,0.1479678856055312
2026-01-12,0.1773905615746344,0.8226094384253667
2026-01-13,0.07104040633355486,0.9289595936664463
2026-01-14,0.02997840370952463,0.9700215962904766
2026-01-15,0.02171879505970969,0.9782812049402915
2026-01-16,0.014844128655198397,0.9851558713448028
2026-01-20,0.01004647193810535,0.9899535280618958
2026-01-21,0.00041359092520482077,0.9995864090747963
2026-01-22,1.2785593633169823e-05,0.999987214406368
2026-01-23,0.0024686336494427145,0.9975313663505583
2026-01-26,0.11560097634279948,0.8843990236572017
2026-01-27,0.5995997977619651,0.40040020223803596
2026-01-28,0.9036635264694798,0.09633647353052117
2026-01-29,0.9792442175779292,0.020755782422071822
2026-01-30,0.9956111849302932,0.0043888150697077265
2026-02-02,0.999752338181797,0.00024766181820388836
2026-02-03,0.9991421992787779,0.0008578007212227544
2026-02-04,0.9923627871581007,0.007637212841900131
2026-02-05,0.9963076620101546,0.0036923379898460757
2026-02-06,0.9979189361040655,0.0020810638959353795
2026-02-09,0.9998990997993996,0.000100900200601299
2026-02-10,0.9999274912354477,7.250876455327935e-05
2026-02-11,0.9998745895172352,0.00012541048276561016
2026-02-12,0.9999141618591584,8.583814084219498e-05
2026-02-13,0.9997807323347042,0.00021926766529639812
2026-02-17,0.9995608264935011,0.0004391735064995637
2026-02-18,0.9991450528710019,0.0008549471289987741
2026-02-19,0.9990169543968683,0.0009830456031324573
2026-02-20,0.9986532052467563,0.0013467947532443995
2026-02-23,0.9985671554271753,0.0014328445728254138
2026-02-24,0.9985733283044854,0.001426671695515182
2026-02-25,0.9986702812797223,0.0013297187202782326
2026-02-26,0.9990875195121557,0.0009124804878450469
2026-02-27,0.999170009208153,0.0008299907918477932
2026-03-02,0.9984939699939888,0.001506030006012078
2026-03-03,0.9984040809804996,0.0015959190195010404
2026-03-04,0.9999929729807345,7.027019266057073e-06
2026-03-05,0.9999870878400564,1.2912159944297294e-05
2026-03-06,0.999005521542344,0.0009944784576565602
2026-03-09,0.999091051779281,0.0009089482207198264
2026-03-10,0.9999383192281348,6.168077186588072e-05
2026-03-11,0.9999194378585324,8.056214146820444e-05
2026-03-12,0.9998658717686407,0.00013412823135973775
2026-03-13,0.999859041651671,0.00014095834832938153
2026-03-16,0.9997464504938087,0.000253549506191811
2026-03-17,0.9994596530759883,0.0005403469240121715
2026-03-18,0.998788900673267,0.0012110993267332906
2026-03-19,0.995614892945265,0.004385107054735382
2026-03-20,0.9944985931090082,0.0055014068909922265
2026-03-23,0.9950706694331093,0.004929330566891016
2026-03-24,0.9974419288382677,0.002558071161732672
2026-03-25,0.9984045276719378,0.001595472328062549
2026-03-26,0.9989009052463005,0.0010990947536998895
2026-03-27,0.9999502988286882,4.9701171312149366e-05
2026-03-30,0.9997366193219389,0.00026338067806156183
2026-03-31,0.989527183888519,0.01047281611148146
2026-04-01,0.9962035372918671,0.0037964627081334967
2026-04-02,0.9891216211706602,0.010878378829340252
2026-04-06,0.9839125537454442,0.016087446254556277
2026-04-07,0.9728252634049189,0.027174736595081492
2026-04-08,0.9816195775996706,0.01838042240032975
2026-04-09,0.9926571726224036,0.007342827377596832
2026-04-10,0.9950130235790541,0.004986976420946162
2026-04-13,0.9941041520901024,0.005895847909897755
2026-04-14,0.9895049427872408,0.010495057212759291
2026-04-15,0.9900785372087472,0.009921462791252729
2026-04-16,0.9889328692219581,0.011067130778041778
2026-04-17,0.982566622130919,0.01743337786908083
2026-04-20,0.963731683342003,0.036268316657997075
2026-04-21,0.8815224594748727,0.11847754052512735
2026-04-22,0.7486043456195922,0.25139565438040784
2026-04-23,0.4549127244696796,0.5450872755303204
2026-04-24,0.013778277052198966,0.9862217229478012
2026-04-27,0.0036062610912847653,0.9963937389087155
2026-04-28,0.0017524855149988676,0.9982475144850014
2026-04-29,0.0020848548464050217,0.9979151451535951
2026-04-30,0.0006814750627778538,0.9993185249372223
2026-05-01,0.024934262430450188,0.97506573756955
2026-05-04,0.03756674600627491,0.9624332539937253
2026-05-05,0.033941145509173695,0.9660588544908264
2026-05-06,0.034872036185484755,0.9651279638145153
2026-05-07,0.0208985241164696,0.9791014758835307
2026-05-08,0.011528740767038432,0.988471259232962
2026-05-11,5.34384189457491e-07,0.9999994656158109
2026-05-12,1.4655551777266077e-05,0.999985344448223
2026-05-13,0.00011497140755239639,0.9998850285924478
2026-05-14,0.0005252556641985946,0.9994747443358015
2026-05-15,0.0013285662092044081,0.9986714337907958
2026-05-18,0.0006988320213081496,0.999301167978692
2026-05-19,0.00028663544753292113,0.9997133645524673
2026-05-20,0.0008175685557319946,0.9991824314442682
2026-05-21,1.792563777151392e-05,0.9999820743622286
2026-05-22,0.009346094615779042,0.990653905384221
2026-05-26,0.8835600994806279,0.1164399005193721
2026-05-27,0.9763697862762737,0.023630213723726323
2026-05-28,0.9953394605096726,0.0046605394903273195
2026-05-29,0.9984094248303373,0.0015905751696626569
2026-06-01,0.9984032122505847,0.0015967877494153337
2026-06-02,0.9961871533718807,0.003812846628119403
2026-06-03,0.9869744056173599,0.013025594382640254
2026-06-04,0.9814584140178096,0.01854158598219065
2026-06-05,0.9710051225846661,0.028994877415334137
2026-06-08,0.9841193318725765,0.015880668127423583
2026-06-09,0.9828716084665173,0.017128391533482543
2026-06-10,0.9881677259479498,0.011832274052050208
2026-06-11,0.9929200332086388,0.007079966791361097
2026-06-12,0.9917589525818906,0.008241047418109307
2026-06-15,0.9948563342950112,0.005143665704988799
2026-06-16,0.9966499993111045,0.0033500006888954994
2026-06-17,0.999932223960186,6.777603981387255e-05
2026-06-18,0.9999201303146003,7.986968539951635e-05
2026-06-22,0.999735137956043,0.00026486204395701564
2026-06-23,0.9996266047971031,0.000373395202896974
2026-06-24,0.9996053559373916,0.0003946440626083306
2026-06-25,0.9993088830209258,0.0006911169790744023
2026-06-26,0.9980048378724885,0.0019951621275118283
2026-06-29,0.9930391415722384,0.00696085842776185
2026-06-30,0.9439245062689475,0.05607549373105264
2026-07-01,0.6886646266130062,0.31133537338699413
2026-07-02,0.6978396384070821,0.30216036159291826
2026-07-06,0.7285645010814766,0.2714354989185236
2026-07-07,0.848212238138028,0.15178776186197224
2026-07-08,0.9891658048807485,0.010834195119252123
2026-07-09,0.997235713994425,0.0027642860055755447
2026-07-10,0.9977266236005368,0.0022733763994637916
2026-07-13,0.9984705043723544,0.0015294956276462016
2026-07-14,0.9999876140302021,1.2385969798457729e-05
2026-07-15,0.9999798071315081,2.0192868492399016e-05
2026-07-16,0.9999471636287036,5.283637129683637e-05
2026-07-17,0.9998241438123358,0.00017585618766458158
2026-07-20,0.9997249866353077,0.0002750133646926185
2026-07-21,0.9995035779321659,0.0004964220678343057
2026-07-22,0.9988110053471828,0.0011889946528173946
2026-07-23,0.998511386372354,0.001488613627646292
2026-07-24,0.9986508783179744,0.0013491216820259906
2026-07-27,0.9991318517087119,0.0008681482912883464
2026-07-28,0.9996588407738182,0.00034115922618214024
2026-07-29,0.9995167134656051,0.0004832865343952784
2026-07-30,0.9991118964902498,0.0008881035097505789
2026-07-31,0.9984411132345657,0.0015588867654345747
2026-08-03,0.9984163195314508,0.001583680468549407
2026-08-04,0.9987655964032558,0.0012344035967444497
2026-08-05,0.9998972376554119,0.0001027623445881002
2026-08-06,0.9998567495770041,0.0001432504229958545
2026-08-07,0.999730524004414,0.0002694759955860267
2026-08-10,0.999559675813138,0.00044032418686204734
2026-08-11,0.9995825628375185,0.0004174371624814381
2026-08-12,0.9992582725595245,0.0007417274404755449
2026-08-13,0.9983510822415881,0.0016489177584120254
2026-08-14,0.9938051245445403,0.006194875455459901
