Date,SHV
2023-01-03,93.77203369140625
2023-01-04,93.7805404663086
2023-01-05,93.79759216308594
2023-01-06,93.81464385986328
2023-01-09,93.82318878173828
2023-01-10,93.81464385986328
2023-01-11,93.84024047851562
2023-01-12,93.89144897460938
2023-01-13,93.89144897460938
2023-01-17,93.91698455810547
2023-01-18,93.92555236816406
2023-01-19,93.95111083984375
2023-01-20,93.96818542480469
2023-01-23,93.96818542480469
2023-01-24,93.9767074584961
2023-01-25,94.01081848144531
2023-01-26,94.03644561767578
2023-01-27,94.04496002197266
2023-01-30,94.05347442626953
2023-01-31,94.0619888305664
2023-02-01,94.08769989013672
2023-02-02,94.12191772460938
2023-02-03,94.10477447509766
2023-02-06,94.10477447509766
2023-02-07,94.11335754394531
2023-02-08,94.1304702758789
2023-02-09,94.16468048095703
2023-02-10,94.16468048095703
2023-02-13,94.19036865234375
2023-02-14,94.19036865234375
2023-02-15,94.19896697998047
2023-02-16,94.24172973632812
2023-02-17,94.25027465820312
2023-02-21,94.25027465820312
2023-02-22,94.27594757080078
2023-02-23,94.3102035522461
2023-02-24,94.3187255859375
2023-02-27,94.33588409423828
2023-02-28,94.33588409423828
2023-03-01,94.35302734375
2023-03-02,94.39591217041016
2023-03-03,94.40451049804688
2023-03-06,94.41307830810547
2023-03-07,94.39591217041016
2023-03-08,94.40451049804688
2023-03-09,94.45600128173828
2023-03-10,94.49889373779297
2023-03-13,94.61042785644531
2023-03-14,94.55895233154297
2023-03-15,94.65333557128906
2023-03-16,94.64476776123047
2023-03-17,94.71343231201172
2023-03-20,94.69625854492188
2023-03-21,94.67053985595703
2023-03-22,94.704833984375
2023-03-23,94.76487731933594
2023-03-24,94.77346801757812
2023-03-27,94.77346801757812
2023-03-28,94.78207397460938
2023-03-29,94.7906494140625
2023-03-30,94.80781555175781
2023-03-31,94.81637573242188
2023-04-03,94.80863189697266
2023-04-04,94.84307861328125
2023-04-05,94.8947525024414
2023-04-06,94.8947525024414
2023-04-10,94.8861312866211
2023-04-11,94.90338134765625
2023-04-12,94.91195678710938
2023-04-13,94.96363830566406
2023-04-14,94.94640350341797
2023-04-17,94.95502471923828
2023-04-18,94.97224426269531
2023-04-19,94.98089599609375
2023-04-20,95.03253173828125
2023-04-21,95.04115295410156
2023-04-24,95.04975891113281
2023-04-25,95.07557678222656
2023-04-26,95.08416748046875
2023-04-27,95.10142517089844
2023-04-28,95.11002349853516
2023-05-01,95.09967041015625
2023-05-02,95.1255874633789
2023-05-03,95.14288330078125
2023-05-04,95.19474029541016
2023-05-05,95.18607330322266
2023-05-08,95.19474029541016
2023-05-09,95.19474029541016
2023-05-10,95.22927856445312
2023-05-11,95.26384735107422
2023-05-12,95.26384735107422
2023-05-15,95.27251434326172
2023-05-16,95.27251434326172
2023-05-17,95.289794921875
2023-05-18,95.31571960449219
2023-05-19,95.31571960449219
2023-05-22,95.31571960449219
2023-05-23,95.33300018310547
2023-05-24,95.33300018310547
2023-05-25,95.37620544433594
2023-05-26,95.39348602294922
2023-05-30,95.4021224975586
2023-05-31,95.4194107055664
2023-06-01,95.48191833496094
2023-06-02,95.49058532714844
2023-06-05,95.49058532714844
2023-06-06,95.50794219970703
2023-06-07,95.52533721923828
2023-06-08,95.58609008789062
2023-06-09,95.58609008789062
2023-06-12,95.60342407226562
2023-06-13,95.62080383300781
2023-06-14,95.62947845458984
2023-06-15,95.69891357421875
2023-06-16,95.70761108398438
2023-06-20,95.70761108398438
2023-06-21,95.7162857055664
2023-06-22,95.75100708007812
2023-06-23,95.75967407226562
2023-06-26,95.77704620361328
2023-06-27,95.79440307617188
2023-06-28,95.80308532714844
2023-06-29,95.82044219970703
2023-06-30,95.87251281738281
2023-07-03,95.86554718017578
2023-07-05,95.88297271728516
2023-07-06,95.9352798461914
2023-07-07,95.9352798461914
2023-07-10,95.95272827148438
2023-07-11,95.95272827148438
2023-07-12,95.97882843017578
2023-07-13,96.03113555908203
2023-07-14,96.03984832763672
2023-07-17,96.04855346679688
2023-07-18,96.0572738647461
2023-07-19,96.07470703125
2023-07-20,96.1182632446289
2023-07-21,96.12698364257812
2023-07-24,96.13570404052734
2023-07-25,96.1444091796875
2023-07-26,96.161865234375
2023-07-27,96.19670104980469
2023-07-28,96.22283935546875
2023-07-31,96.24030303955078
2023-08-01,96.25513458251953
2023-08-02,96.27263641357422
2023-08-03,96.30767059326172
2023-08-04,96.33390808105469
2023-08-07,96.33390808105469
2023-08-08,96.35140991210938
2023-08-09,96.36018371582031
2023-08-10,96.4039306640625
2023-08-11,96.42144012451172
2023-08-14,96.43893432617188
2023-08-15,96.4564208984375
2023-08-16,96.46517944335938
2023-08-17,96.5089340209961
2023-08-18,96.5177001953125
2023-08-21,96.52644348144531
2023-08-22,96.54393768310547
2023-08-23,96.56143951416016
2023-08-24,96.6052017211914
2023-08-25,96.6052017211914
2023-08-28,96.61396789550781
2023-08-29,96.64022827148438
2023-08-30,96.64899444580078
2023-08-31,96.70146942138672
2023-09-01,96.72869110107422
2023-09-05,96.72869110107422
2023-09-06,96.74629211425781
2023-09-07,96.79902648925781
2023-09-08,96.80780029296875
2023-09-11,96.82537841796875
2023-09-12,96.83415222167969
2023-09-13,96.85173797607422
2023-09-14,96.89567565917969
2023-09-15,96.90447235107422
2023-09-18,96.92205047607422
2023-09-19,96.92205047607422
2023-09-20,96.93961334228516
2023-09-21,96.98355102539062
2023-09-22,97.00113677978516
2023-09-25,97.00991821289062
2023-09-26,97.01872253417969
2023-09-27,97.03628540039062
2023-09-28,97.08023071289062
2023-09-29,97.08023071289062
2023-10-02,97.10228729248047
2023-10-03,97.11106872558594
2023-10-04,97.14641571044922
2023-10-05,97.19937133789062
2023-10-06,97.20817565917969
2023-10-09,97.21701049804688
2023-10-10,97.22581481933594
2023-10-11,97.23466491699219
2023-10-12,97.2876205444336
2023-10-13,97.30525970458984
2023-10-16,97.31407165527344
2023-10-17,97.32290649414062
2023-10-18,97.33174896240234
2023-10-19,97.37586975097656
2023-10-20,97.40234375
2023-10-23,97.41998291015625
2023-10-24,97.4288330078125
2023-10-25,97.4288330078125
2023-10-26,97.49058532714844
2023-10-27,97.50825500488281
2023-10-30,97.5170669555664
2023-10-31,97.5170669555664
2023-11-01,97.55075073242188
2023-11-02,97.5950698852539
2023-11-03,97.62164306640625
2023-11-06,97.61278533935547
2023-11-07,97.63935852050781
2023-11-08,97.64823150634766
2023-11-09,97.68367767333984
2023-11-10,97.71025848388672
2023-11-13,97.71913146972656
2023-11-14,97.75457000732422
2023-11-15,97.7634506225586
2023-11-16,97.8166275024414
2023-11-17,97.82546997070312
2023-11-20,97.8343505859375
2023-11-21,97.86981201171875
2023-11-22,97.90524291992188
2023-11-24,97.91410827636719
2023-11-27,97.93183898925781
2023-11-28,97.95842742919922
2023-11-29,97.97615814208984
2023-11-30,98.01158905029297
2023-12-01,98.04275512695312
2023-12-04,98.05167388916016
2023-12-05,98.06944274902344
2023-12-06,98.08724975585938
2023-12-07,98.13178253173828
2023-12-08,98.13178253173828
2023-12-11,98.13178253173828
2023-12-12,98.1584701538086
2023-12-13,98.19409942626953
2023-12-14,98.24237060546875
2023-12-15,98.2513198852539
2023-12-18,98.26918029785156
2023-12-19,98.26918029785156
2023-12-20,98.2960433959961
2023-12-21,98.35862731933594
2023-12-22,98.37650299072266
2023-12-26,98.3943862915039
2023-12-27,98.3943862915039
2023-12-28,98.45696258544922
2023-12-29,98.48382568359375
2024-01-02,98.47488403320312
2024-01-03,98.48382568359375
2024-01-04,98.52854919433594
2024-01-05,98.53746795654297
2024-01-08,98.55537414550781
2024-01-09,98.5643081665039
2024-01-10,98.58218383789062
2024-01-11,98.644775390625
2024-01-12,98.6716079711914
2024-01-16,98.6716079711914
2024-01-17,98.68949890136719
2024-01-18,98.71631622314453
2024-01-19,98.7431411743164
2024-01-22,98.76104736328125
2024-01-23,98.76104736328125
2024-01-24,98.76997375488281
2024-01-25,98.82362365722656
2024-01-26,98.83257293701172
2024-01-29,98.84151458740234
2024-01-30,98.8504409790039
2024-01-31,98.8772964477539
2024-02-01,98.94284057617188
2024-02-02,98.9159164428711
2024-02-05,98.92488098144531
2024-02-06,98.95184326171875
2024-02-07,98.96977233886719
2024-02-08,99.01469421386719
2024-02-09,99.02366638183594
2024-02-12,99.03263854980469
2024-02-13,99.01469421386719
2024-02-14,99.05061340332031
2024-02-15,99.10450744628906
2024-02-16,99.10450744628906
2024-02-20,99.12245178222656
2024-02-21,99.13143157958984
2024-02-22,99.16736602783203
2024-02-23,99.18534851074219
2024-02-26,99.18534851074219
2024-02-27,99.20330047607422
2024-02-28,99.21224975585938
2024-02-29,99.26617431640625
2024-03-01,99.29141235351562
2024-03-04,99.3004150390625
2024-03-05,99.31846618652344
2024-03-06,99.33650970458984
2024-03-07,99.3725357055664
2024-03-08,99.381591796875
2024-03-11,99.39060974121094
2024-03-12,99.40861511230469
2024-03-13,99.41764831542969
2024-03-14,99.4627456665039
2024-03-15,99.48078155517578
2024-03-18,99.48980712890625
2024-03-19,99.49882507324219
2024-03-20,99.52586364746094
2024-03-21,99.56192016601562
2024-03-22,99.58899688720703
2024-03-25,99.58899688720703
2024-03-26,99.60701751708984
2024-03-27,99.67015838623047
2024-03-28,99.67916107177734
2024-04-01,99.69003295898438
2024-04-02,99.69906616210938
2024-04-03,99.70814514160156
2024-04-04,99.77156066894531
2024-04-05,99.78058624267578
2024-04-08,99.78964233398438
2024-04-09,99.79873657226562
2024-04-10,99.78964233398438
2024-04-11,99.83493041992188
2024-04-12,99.843994140625
2024-04-15,99.85305786132812
2024-04-16,99.86212921142578
2024-04-17,99.88021850585938
2024-04-18,99.92550659179688
2024-04-19,99.9436264038086
2024-04-22,99.95268249511719
2024-04-23,99.97080993652344
2024-04-24,99.98892211914062
2024-04-25,100.01607513427734
2024-04-26,100.0342025756836
2024-04-29,100.04325866699219
2024-04-30,100.05229187011719
2024-05-01,100.08323669433594
2024-05-02,100.12870025634766
2024-05-03,100.14690399169922
2024-05-06,100.15599060058594
2024-05-07,100.16509246826172
2024-05-08,100.18328094482422
2024-05-09,100.21965026855469
2024-05-10,100.23785400390625
2024-05-13,100.25604248046875
2024-05-14,100.26512145996094
2024-05-15,100.29239654541016
2024-05-16,100.31971740722656
2024-05-17,100.33789825439453
2024-05-20,100.35607147216797
2024-05-21,100.36517333984375
2024-05-22,100.38337707519531
2024-05-23,100.43795776367188
2024-05-24,100.44702911376953
2024-05-28,100.43795776367188
2024-05-29,100.44702911376953
2024-05-30,100.47433471679688
2024-05-31,100.51070404052734
2024-06-03,100.53080749511719
2024-06-04,100.54906463623047
2024-06-05,100.5582046508789
2024-06-06,100.58560943603516
2024-06-07,100.6130142211914
2024-06-10,100.63126373291016
2024-06-11,100.64041137695312
2024-06-12,100.67694091796875
2024-06-13,100.68608856201172
2024-06-14,100.73174285888672
2024-06-17,100.74089050292969
2024-06-18,100.76829528808594
2024-06-20,100.78653717041016
2024-06-21,100.83222198486328
2024-06-24,100.84134674072266
2024-06-25,100.85962677001953
2024-06-26,100.85962677001953
2024-06-27,100.88700103759766
2024-06-28,100.93270111083984
2024-07-01,100.94737243652344
2024-07-02,100.96574401855469
2024-07-03,100.99325561523438
2024-07-05,101.0299301147461
2024-07-08,101.05744934082031
2024-07-09,101.05744934082031
2024-07-10,101.0666275024414
2024-07-11,101.0941390991211
2024-07-12,101.149169921875
2024-07-15,101.16754150390625
2024-07-16,101.17671203613281
2024-07-17,101.18586730957031
2024-07-18,101.2042236328125
2024-07-19,101.2592544555664
2024-07-22,101.26841735839844
2024-07-23,101.28677368164062
2024-07-24,101.29594421386719
2024-07-25,101.30512237548828
2024-07-26,101.36015319824219
2024-07-29,101.37849426269531
2024-07-30,101.38768768310547
2024-07-31,101.3968505859375
2024-08-01,101.42265319824219
2024-08-02,101.5147705078125
2024-08-05,101.5147705078125
2024-08-06,101.5147705078125
2024-08-07,101.53321075439453
2024-08-08,101.54241180419922
2024-08-09,101.57928466796875
2024-08-12,101.60692596435547
2024-08-13,101.63456726074219
2024-08-14,101.63456726074219
2024-08-15,101.64376831054688
2024-08-16,101.68984985351562
2024-08-19,101.69905090332031
2024-08-20,101.72669219970703
2024-08-21,101.74510192871094
2024-08-22,101.7635269165039
2024-08-23,101.80962371826172
2024-08-26,101.81883239746094
2024-08-27,101.8372802734375
2024-08-28,101.85568237304688
2024-08-29,101.86490631103516
2024-08-30,101.90174865722656
2024-09-03,101.93412780761719
2024-09-04,101.96188354492188
2024-09-05,101.98039245605469
2024-09-06,102.02668762207031
2024-09-09,102.02668762207031
2024-09-10,102.06369018554688
2024-09-11,102.05441284179688
2024-09-12,102.07294464111328
2024-09-13,102.12846374511719
2024-09-16,102.16547393798828
2024-09-17,102.17472076416016
2024-09-18,102.21174621582031
2024-09-19,102.23023223876953
2024-09-20,102.2765121459961
2024-09-23,102.2950210571289
2024-09-24,102.30427551269531
2024-09-25,102.3227767944336
2024-09-26,102.33202362060547
2024-09-27,102.36903381347656
2024-09-30,102.36903381347656
2024-10-01,102.39134979248047
2024-10-02,102.39134979248047
2024-10-03,102.39134979248047
2024-10-04,102.42848205566406
2024-10-07,102.41920471191406
2024-10-08,102.44710540771484
2024-10-09,102.45634460449219
2024-10-10,102.4656753540039
2024-10-11,102.51213073730469
2024-10-14,102.52140808105469
2024-10-15,102.53070831298828
2024-10-16,102.54930114746094
2024-10-17,102.54930114746094
2024-10-18,102.59575653076172
2024-10-21,102.60504913330078
2024-10-22,102.60504913330078
2024-10-23,102.60504913330078
2024-10-24,102.62361145019531
2024-10-25,102.66077423095703
2024-10-28,102.68865966796875
2024-10-29,102.68865966796875
2024-10-30,102.71654510498047
2024-10-31,102.7351303100586
2024-11-01,102.77898406982422
2024-11-04,102.79763793945312
2024-11-05,102.79763793945312
2024-11-06,102.79763793945312
2024-11-07,102.82562255859375
2024-11-08,102.88163757324219
2024-11-11,102.87228393554688
2024-11-12,102.88163757324219
2024-11-13,102.9002685546875
2024-11-14,102.90962982177734
2024-11-15,102.92828369140625
2024-11-18,102.94692993164062
2024-11-19,102.9655990600586
2024-11-20,102.98426818847656
2024-11-21,102.98426818847656
2024-11-22,103.02156829833984
2024-11-25,103.04022979736328
2024-11-26,103.049560546875
2024-11-27,103.06824493408203
2024-11-29,103.1148910522461
2024-12-02,103.12989044189453
2024-12-03,103.157958984375
2024-12-04,103.157958984375
2024-12-05,103.1860580444336
2024-12-06,103.23291015625
2024-12-09,103.25161743164062
2024-12-10,103.25161743164062
2024-12-11,103.2703857421875
2024-12-12,103.27972412109375
2024-12-13,103.30785369873047
2024-12-16,103.3359375
2024-12-17,103.3359375
2024-12-18,103.35191345214844
2024-12-19,103.38009643554688
2024-12-20,103.4083251953125
2024-12-23,103.41773223876953
2024-12-24,103.44593048095703
2024-12-26,103.4647445678711
2024-12-27,103.49295806884766
2024-12-30,103.52117919921875
2024-12-31,103.53057098388672
2025-01-02,103.54933166503906
2025-01-03,103.57756042480469
2025-01-06,103.59637451171875
2025-01-07,103.61518096923828
2025-01-08,103.61518096923828
2025-01-10,103.64339447021484
2025-01-13,103.66219329833984
2025-01-14,103.67161560058594
2025-01-15,103.69041442871094
2025-01-16,103.69982147216797
2025-01-17,103.7468032836914
2025-01-21,103.765625
2025-01-22,103.765625
2025-01-23,103.78443908691406
2025-01-24,103.8220443725586
2025-01-27,103.84083557128906
2025-01-28,103.8502426147461
2025-01-29,103.85965728759766
2025-01-30,103.8690414428711
2025-01-31,103.90664672851562
2025-02-03,103.91893768310547
2025-02-04,103.92835998535156
2025-02-05,103.93778991699219
2025-02-06,103.95670318603516
2025-02-07,103.9849853515625
2025-02-10,103.99440002441406
2025-02-11,103.99440002441406
2025-02-12,103.99440002441406
2025-02-13,104.02273559570312
2025-02-14,104.06993103027344
2025-02-18,104.06993103027344
2025-02-19,104.0982437133789
2025-02-20,104.10767364501953
2025-02-21,104.14541625976562
2025-02-24,104.1642837524414
2025-02-25,104.18315124511719
2025-02-26,104.18315124511719
2025-02-27,104.19261169433594
2025-02-28,104.23033905029297
2025-03-03,104.24739837646484
2025-03-04,104.25687408447266
2025-03-05,104.2757797241211
2025-03-06,104.28524780273438
2025-03-07,104.33258056640625
2025-03-10,104.3420639038086
2025-03-11,104.36100769042969
2025-03-12,104.36100769042969
2025-03-13,104.37045288085938
2025-03-14,104.41780853271484
2025-03-17,104.41780853271484
2025-03-18,104.42726135253906
2025-03-19,104.43675994873047
2025-03-20,104.45568084716797
2025-03-21,104.4935531616211
2025-03-24,104.50301361083984
2025-03-25,104.51246643066406
2025-03-26,104.52193450927734
2025-03-27,104.54087829589844
2025-03-28,104.56929016113281
2025-03-31,104.57874298095703
2025-04-01,104.60154724121094
2025-04-02,104.6110610961914
2025-04-03,104.62056732177734
2025-04-04,104.66805267333984
2025-04-07,104.67755889892578
2025-04-08,104.69654846191406
2025-04-09,104.69654846191406
2025-04-10,104.69654846191406
2025-04-11,104.74407196044922
2025-04-14,104.75358581542969
2025-04-15,104.76304626464844
2025-04-16,104.78206634521484
2025-04-17,104.82955932617188
2025-04-21,104.83906555175781
2025-04-22,104.84857177734375
2025-04-23,104.85807037353516
2025-04-24,104.8675765991211
2025-04-25,104.90557861328125
2025-04-28,104.91506958007812
2025-04-29,104.91506958007812
2025-04-30,104.94357299804688
2025-05-01,104.95502471923828
2025-05-02,104.97408294677734
2025-05-05,104.98360443115234
2025-05-06,104.99314880371094
2025-05-07,105.01220703125
2025-05-08,105.02173614501953
2025-05-09,105.05032348632812
2025-05-12,105.05986785888672
2025-05-13,105.06939697265625
2025-05-14,105.06939697265625
2025-05-15,105.0884780883789
2025-05-16,105.12659454345703
2025-05-19,105.12659454345703
2025-05-20,105.14566040039062
2025-05-21,105.15520477294922
2025-05-22,105.17426300048828
2025-05-23,105.221923828125
2025-05-27,105.221923828125
2025-05-28,105.2314682006836
2025-05-29,105.26006317138672
2025-05-30,105.27911376953125
2025-06-02,105.29537963867188
2025-06-03,105.31452941894531
2025-06-04,105.3240966796875
2025-06-05,105.35279083251953
2025-06-06,105.36235046386719
2025-06-09,105.39105224609375
2025-06-10,105.40061950683594
2025-06-11,105.41018676757812
2025-06-12,105.42931365966797
2025-06-13,105.46760559082031
2025-06-16,105.46760559082031
2025-06-17,105.47716522216797
2025-06-18,105.505859375
2025-06-20,105.54413604736328
2025-06-23,105.56327819824219
2025-06-24,105.57283020019531
2025-06-25,105.58240509033203
2025-06-26,105.60153198242188
2025-06-27,105.63980865478516
2025-06-30,105.63980865478516
2025-07-01,105.6503677368164
2025-07-02,105.65996551513672
2025-07-03,105.69837951660156
2025-07-07,105.7175521850586
2025-07-08,105.73674774169922
2025-07-09,105.74635314941406
2025-07-10,105.7559585571289
2025-07-11,105.78474426269531
2025-07-14,105.80394744873047
2025-07-15,105.80394744873047
2025-07-16,105.83275604248047
2025-07-17,105.84234619140625
2025-07-18,105.88074493408203
2025-07-21,105.8903579711914
2025-07-22,105.89994049072266
2025-07-23,105.90953826904297
2025-07-24,105.91914367675781
2025-07-25,105.95752716064453
2025-07-28,105.96715545654297
2025-07-29,105.98633575439453
2025-07-30,105.97673797607422
2025-07-31,105.98633575439453
2025-08-01,106.0778579711914
2025-08-04,106.09711456298828
2025-08-05,106.08747863769531
2025-08-06,106.11637878417969
2025-08-07,106.12602233886719
2025-08-08,106.16454315185547
2025-08-11,106.17417907714844
2025-08-12,106.19345092773438
2025-08-13,106.21270751953125
2025-08-14,106.21270751953125
2025-08-15,106.24161529541016
2025-08-18,106.2512435913086
2025-08-19,106.28013610839844
2025-08-20,106.2897720336914
2025-08-21,106.28013610839844
2025-08-22,106.34757232666016
2025-08-25,106.34757232666016
2025-08-26,106.3572006225586
2025-08-27,106.37647247314453
2025-08-28,106.3861083984375
2025-08-29,106.43426513671875
2025-09-02,106.46131896972656
2025-09-03,106.48068237304688
2025-09-04,106.5
2025-09-05,106.5580062866211
2025-09-08,106.57733154296875
2025-09-09,106.56766510009766
2025-09-10,106.5870132446289
2025-09-11,106.60633087158203
2025-09-12,106.62567901611328
2025-09-15,106.6449966430664
2025-09-16,106.66433715820312
2025-09-17,106.67401123046875
2025-09-18,106.68367767333984
2025-09-19,106.72234344482422
2025-09-22,106.73200225830078
2025-09-23,106.73200225830078
2025-09-24,106.7416763305664
2025-09-25,106.7513427734375
2025-09-26,106.79000854492188
2025-09-29,106.79969024658203
2025-09-30,106.80933380126953
2025-10-01,106.83552551269531
2025-10-02,106.84522247314453
2025-10-03,106.88401794433594
2025-10-06,106.87432861328125
2025-10-07,106.88401794433594
2025-10-08,106.90342712402344
2025-10-09,106.91313171386719
2025-10-10,106.96161651611328
2025-10-13,106.95191955566406
2025-10-14,106.98103332519531
2025-10-15,106.97132110595703
2025-10-16,106.99073028564453
2025-10-17,107.0392074584961
2025-10-20,107.0489273071289
2025-10-21,107.05862426757812
2025-10-22,107.07801055908203
2025-10-23,107.08771514892578
2025-10-24,107.10710144042969
2025-10-27,107.1362075805664
2025-10-28,107.14591217041016
2025-10-29,107.1362075805664
2025-10-30,107.14591217041016
2025-10-31,107.16532135009766
2025-11-03,107.19547271728516
2025-11-04,107.2052001953125
2025-11-05,107.21493530273438
2025-11-06,107.2343978881836
2025-11-07,107.27332305908203
2025-11-10,107.2830581665039
2025-11-11,107.2830581665039
2025-11-12,107.29279327392578
2025-11-13,107.30253601074219
2025-11-14,107.33171081542969
2025-11-17,107.3414535522461
2025-11-18,107.36091613769531
2025-11-19,107.37063598632812
2025-11-20,107.38037109375
2025-11-21,107.41930389404297
2025-11-24,107.42903900146484
2025-11-25,107.43877410888672
2025-11-26,107.4582290649414
2025-11-28,107.48741149902344
2025-12-01,107.5089111328125
2025-12-02,107.5284194946289
2025-12-03,107.5479507446289
2025-12-04,107.5479507446289
2025-12-05,107.58699798583984
2025-12-08,107.59677124023438
2025-12-09,107.60653686523438
2025-12-10,107.63582611083984
2025-12-11,107.65534210205078
2025-12-12,107.68465423583984
2025-12-15,107.70414733886719
2025-12-16,107.71391296386719
2025-12-17,107.72367858886719
2025-12-18,107.74320983886719
2025-12-19,107.75985717773438
2025-12-22,107.7794418334961
2025-12-23,107.7794418334961
2025-12-24,107.808837890625
2025-12-26,107.84800720214844
2025-12-29,107.84800720214844
2025-12-30,107.85781860351562
2025-12-31,107.8871841430664
2026-01-02,107.90676879882812
2026-01-05,107.92637634277344
2026-01-06,107.92637634277344
2026-01-07,107.94596099853516
2026-01-08,107.95574951171875
2026-01-09,107.9851303100586
2026-01-12,107.99492645263672
2026-01-13,107.99492645263672
2026-01-14,108.00473022460938
2026-01-15,108.01451873779297
2026-01-16,108.04390716552734
2026-01-20,108.05370330810547
2026-01-21,108.07328033447266
2026-01-22,108.07328033447266
2026-01-23,108.10267639160156
2026-01-26,108.11247253417969
2026-01-27,108.13206481933594
2026-01-28,108.13206481933594
2026-01-29,108.14185333251953
2026-01-30,108.17121887207031
2026-02-02,108.19285583496094
2026-02-03,108.20266723632812
2026-02-04,108.20266723632812
2026-02-05,108.23213958740234
2026-02-06,108.25179290771484
2026-02-09,108.27143859863281
2026-02-10,108.27143859863281
2026-02-11,108.2812728881836
2026-02-12,108.29109954833984
2026-02-13,108.34021759033203
2026-02-17,108.35004425048828
2026-02-18,108.35004425048828
2026-02-19,108.36969757080078
2026-02-20,108.38935089111328
2026-02-23,108.39917755126953
2026-02-24,108.40898895263672
2026-02-25,108.4188232421875
2026-02-26,108.42864990234375
2026-02-27,108.45812225341797
2026-03-02,108.471923828125
2026-03-03,108.48177337646484
2026-03-04,108.48177337646484
2026-03-05,108.50146484375
2026-03-06,108.53102111816406
2026-03-09,108.5408706665039
2026-03-10,108.55072784423828
2026-03-11,108.56057739257812
2026-03-12,108.56057739257812
2026-03-13,108.59999084472656
2026-03-16,108.6098403930664
2026-03-17,108.61969757080078
2026-03-18,108.61969757080078
2026-03-19,108.61969757080078
2026-03-20,108.64924621582031
2026-03-23,108.66895294189453
2026-03-24,108.6788101196289
2026-03-25,108.68866729736328
2026-03-26,108.68866729736328
2026-03-27,108.72807312011719
2026-03-30,108.74777221679688
2026-03-31,108.75762176513672
2026-04-01,108.77145385742188
2026-04-02,108.81098937988281
2026-04-06,108.82086181640625
2026-04-07,108.83074188232422
2026-04-08,108.84062194824219
2026-04-09,108.86038208007812
2026-04-10,108.89002227783203
2026-04-13,108.89002227783203
2026-04-14,108.90979766845703
2026-04-15,108.90979766845703
2026-04-16,108.919677734375
2026-04-17,108.96907806396484
2026-04-20,108.96907806396484
2026-04-21,108.97895812988281
2026-04-22,108.99872589111328
2026-04-23,109.00861358642578
2026-04-24,109.03824615478516
2026-04-27,109.04813385009766
2026-04-28,109.05801391601562
2026-04-29,109.05801391601562
2026-04-30,109.07777404785156
2026-05-01,109.10552215576172
2026-05-04,109.12535095214844
2026-05-05,109.12535095214844
2026-05-06,109.1451644897461
2026-05-07,109.15507507324219
2026-05-08,109.19471740722656
2026-05-11,109.19471740722656
2026-05-12,109.20462799072266
2026-05-13,109.20462799072266
2026-05-14,109.21453094482422
2026-05-15,109.25418090820312
2026-05-18,109.26409149169922
2026-05-19,109.27400207519531
2026-05-20,109.2938232421875
2026-05-21,109.3037338256836
2026-05-22,109.32355499267578
2026-05-26,109.3334732055664
2026-05-27,109.35328674316406
2026-05-28,109.36319732666016
2026-05-29,109.39292907714844
2026-06-01,109.40386199951172
2026-06-02,109.42374420166016
2026-06-03,109.42374420166016
2026-06-04,109.43368530273438
2026-06-05,109.46350860595703
2026-06-08,109.47344207763672
2026-06-09,109.48338317871094
2026-06-10,109.49332427978516
2026-06-11,109.51319885253906
2026-06-12,109.54302215576172
2026-06-15,109.55296325683594
2026-06-16,109.5728530883789
2026-06-17,109.54302215576172
2026-06-18,109.60266876220703
2026-06-22,109.59272766113281
2026-06-23,109.61260986328125
2026-06-24,109.62255096435547
2026-06-25,109.6424331665039
2026-06-26,109.67225646972656
2026-06-29,109.68218994140625
2026-06-30,109.69213104248047
2026-07-01,109.70111083984375
2026-07-02,109.7509536743164
2026-07-06,109.7708969116211
2026-07-07,109.76092529296875
2026-07-08,109.78086853027344
2026-07-09,109.80079650878906
2026-07-10,109.83070373535156
2026-07-13,109.82073974609375
2026-07-14,109.85064697265625
2026-07-15,109.8705825805664
2026-07-16,109.8705825805664
2026-07-17,109.91046142578125
2026-07-20,109.9204330444336
2026-07-21,109.91046142578125
2026-07-22,109.9303970336914
2026-07-23,109.9204330444336
2026-07-24,109.9503402709961
2026-07-27,109.96031188964844
2026-07-28,109.99021911621094
2026-07-29,110.02012634277344
2026-07-30,110.03009796142578
2026-07-31,110.05999755859375
2026-08-03,110.08000183105469
2026-08-04,110.08999633789062
2026-08-05,110.0999984741211
2026-08-06,110.11000061035156
2026-08-07,110.1500015258789
2026-08-10,110.16000366210938
2026-08-11,110.16999816894531
2026-08-12,110.19000244140625
2026-08-13,110.20999908447266
2026-08-14,110.23999786376953
2026-08-17,
