Date,SMH
2023-01-03,99.33597564697266
2023-01-04,101.8615493774414
2023-01-05,100.03643035888672
2023-01-06,104.41178131103516
2023-01-09,106.685791015625
2023-01-10,108.07189178466797
2023-01-11,109.33961486816406
2023-01-12,110.97728729248047
2023-01-13,111.37683868408203
2023-01-17,112.037841796875
2023-01-18,111.33739471435547
2023-01-19,108.614501953125
2023-01-20,112.1463623046875
2023-01-23,117.43428039550781
2023-01-24,116.60064697265625
2023-01-25,116.71902465820312
2023-01-26,118.81051635742188
2023-01-27,118.03114318847656
2023-01-30,115.20467376708984
2023-01-31,116.95580291748047
2023-02-01,122.47062683105469
2023-02-02,125.08992004394531
2023-02-03,122.79125213623047
2023-02-06,120.74909210205078
2023-02-07,124.37467956542969
2023-02-08,121.93789672851562
2023-02-09,122.42130279541016
2023-02-10,120.36433410644531
2023-02-13,122.1746597290039
2023-02-14,124.80382537841797
2023-02-15,124.79889678955078
2023-02-16,121.41007995605469
2023-02-17,119.752685546875
2023-02-21,116.11229705810547
2023-02-22,115.54503631591797
2023-02-23,119.63922119140625
2023-02-24,117.50334930419922
2023-02-27,118.03114318847656
2023-02-28,118.09033966064453
2023-03-01,118.16925811767578
2023-03-02,119.21499633789062
2023-03-03,120.83294677734375
2023-03-06,119.75760650634766
2023-03-07,118.42082977294922
2023-03-08,121.51860809326172
2023-03-09,119.19034576416016
2023-03-10,117.26162719726562
2023-03-13,117.18270874023438
2023-03-14,120.68990325927734
2023-03-15,119.33338928222656
2023-03-16,124.10830688476562
2023-03-17,123.47692108154297
2023-03-20,124.71996307373047
2023-03-21,125.11459350585938
2023-03-22,124.310546875
2023-03-23,127.6155014038086
2023-03-24,125.5979995727539
2023-03-27,124.13296508789062
2023-03-28,123.26973724365234
2023-03-29,127.10741424560547
2023-03-30,128.92759704589844
2023-03-31,129.82537841796875
2023-04-03,129.08547973632812
2023-04-04,127.10249328613281
2023-04-05,124.87782287597656
2023-04-06,124.50292205810547
2023-04-10,126.38724517822266
2023-04-11,125.71639251708984
2023-04-12,123.48184967041016
2023-04-13,124.478271484375
2023-04-14,124.34507751464844
2023-04-17,124.25628662109375
2023-04-18,124.81369018554688
2023-04-19,123.62983703613281
2023-04-20,123.7679443359375
2023-04-21,122.5002212524414
2023-04-24,121.84416961669922
2023-04-25,117.9818115234375
2023-04-26,118.80558776855469
2023-04-27,119.95491790771484
2023-04-28,121.96255493164062
2023-05-01,122.89485168457031
2023-05-02,121.82937622070312
2023-05-03,120.5715103149414
2023-05-04,120.16703033447266
2023-05-05,122.70740509033203
2023-05-08,123.38812255859375
2023-05-09,121.48407745361328
2023-05-10,122.47062683105469
2023-05-11,121.38542938232422
2023-05-12,121.247314453125
2023-05-15,124.42400360107422
2023-05-16,124.3944091796875
2023-05-17,127.758544921875
2023-05-18,132.23748779296875
2023-05-19,131.50746154785156
2023-05-22,131.39894104003906
2023-05-23,129.50474548339844
2023-05-24,127.6007080078125
2023-05-25,138.5711669921875
2023-05-26,145.3783721923828
2023-05-30,146.07884216308594
2023-05-31,142.3891143798828
2023-06-01,144.52993774414062
2023-06-02,144.17478942871094
2023-06-05,142.369384765625
2023-06-06,143.3756866455078
2023-06-07,142.55685424804688
2023-06-08,144.20437622070312
2023-06-09,144.86537170410156
2023-06-12,149.14700317382812
2023-06-13,151.2089080810547
2023-06-14,153.50758361816406
2023-06-15,152.4026336669922
2023-06-16,151.31744384765625
2023-06-20,150.78468322753906
2023-06-21,147.33175659179688
2023-06-22,148.06179809570312
2023-06-23,145.5460968017578
2023-06-26,144.875244140625
2023-06-27,149.4725799560547
2023-06-28,148.12098693847656
2023-06-29,147.90394592285156
2023-06-30,150.20262145996094
2023-07-03,151.5344696044922
2023-07-05,148.6734619140625
2023-07-06,146.90753173828125
2023-07-07,147.04566955566406
2023-07-10,149.12728881835938
2023-07-11,149.28512573242188
2023-07-12,152.42236328125
2023-07-13,156.08248901367188
2023-07-14,154.7900848388672
2023-07-17,157.6708221435547
2023-07-18,158.10488891601562
2023-07-19,156.44749450683594
2023-07-20,150.91293334960938
2023-07-21,151.72189331054688
2023-07-24,151.85015869140625
2023-07-25,154.2869415283203
2023-07-26,152.5999298095703
2023-07-27,155.3425750732422
2023-07-28,158.34169006347656
2023-07-31,158.46006774902344
2023-08-01,158.37127685546875
2023-08-02,152.5604705810547
2023-08-03,152.11654663085938
2023-08-04,152.1757354736328
2023-08-07,153.8134002685547
2023-08-08,151.2779541015625
2023-08-09,148.2788543701172
2023-08-10,147.95327758789062
2023-08-11,144.2438507080078
2023-08-14,148.6339874267578
2023-08-15,146.8483428955078
2023-08-16,144.52993774414062
2023-08-17,143.55323791503906
2023-08-18,144.16493225097656
2023-08-21,149.00889587402344
2023-08-22,147.51919555664062
2023-08-23,150.71563720703125
2023-08-24,146.8187713623047
2023-08-25,147.08511352539062
2023-08-28,148.90037536621094
2023-08-29,152.7183380126953
2023-08-30,153.49771118164062
2023-08-31,154.11923217773438
2023-09-01,154.109375
2023-09-05,154.47439575195312
2023-09-06,152.67884826660156
2023-09-07,149.29498291015625
2023-09-08,148.35777282714844
2023-09-11,148.46629333496094
2023-09-12,147.3514862060547
2023-09-13,148.54522705078125
2023-09-14,149.35418701171875
2023-09-15,144.8357696533203
2023-09-18,145.31919860839844
2023-09-19,144.06626892089844
2023-09-20,141.69854736328125
2023-09-21,138.86712646484375
2023-09-22,140.05099487304688
2023-09-25,141.0375518798828
2023-09-26,138.8079376220703
2023-09-27,140.08059692382812
2023-09-28,142.3496551513672
2023-09-29,143.03038024902344
2023-10-02,144.26356506347656
2023-10-03,141.05728149414062
2023-10-04,143.25729370117188
2023-10-05,143.25729370117188
2023-10-06,146.35507202148438
2023-10-09,145.98016357421875
2023-10-10,147.7855682373047
2023-10-11,149.3837890625
2023-10-12,150.14341735839844
2023-10-13,146.38467407226562
2023-10-16,148.0716552734375
2023-10-17,146.32546997070312
2023-10-18,143.39541625976562
2023-10-19,142.41871643066406
2023-10-20,140.18911743164062
2023-10-23,140.68238830566406
2023-10-24,142.32994079589844
2023-10-25,136.81509399414062
2023-10-26,135.61151123046875
2023-10-27,136.4500732421875
2023-10-30,136.10479736328125
2023-10-31,137.0814666748047
2023-11-01,140.49496459960938
2023-11-02,144.13531494140625
2023-11-03,147.49945068359375
2023-11-06,147.9335479736328
2023-11-07,148.86090087890625
2023-11-08,149.39364624023438
2023-11-09,149.12728881835938
2023-11-10,155.16497802734375
2023-11-13,154.2178955078125
2023-11-14,158.9237518310547
2023-11-15,159.04214477539062
2023-11-16,159.63406372070312
2023-11-17,160.3838348388672
2023-11-20,162.68251037597656
2023-11-21,160.28518676757812
2023-11-22,159.93988037109375
2023-11-24,159.58473205566406
2023-11-27,159.48606872558594
2023-11-28,158.56858825683594
2023-11-29,160.0286865234375
2023-11-30,158.32192993164062
2023-12-01,158.9632110595703
2023-12-04,156.6448211669922
2023-12-05,156.6448211669922
2023-12-06,155.38201904296875
2023-12-07,158.93362426757812
2023-12-08,160.2950439453125
2023-12-11,164.1426239013672
2023-12-12,165.87893676757812
2023-12-13,167.83230590820312
2023-12-14,170.93008422851562
2023-12-15,171.7390594482422
2023-12-18,172.039794921875
2023-12-19,172.61544799804688
2023-12-20,167.81175231933594
2023-12-21,171.96038818359375
2023-12-22,171.98023986816406
2023-12-26,174.35231018066406
2023-12-27,174.5408935546875
2023-12-28,174.50120544433594
2023-12-29,173.55831909179688
2024-01-02,167.70257568359375
2024-01-03,164.72506713867188
2024-01-04,163.75242614746094
2024-01-05,164.83425903320312
2024-01-08,170.67015075683594
2024-01-09,171.12669372558594
2024-01-10,171.28549194335938
2024-01-11,172.2581329345703
2024-01-12,171.6527099609375
2024-01-16,174.382080078125
2024-01-17,173.33004760742188
2024-01-18,178.95750427246094
2024-01-19,185.77597045898438
2024-01-22,186.6394500732422
2024-01-23,187.5922393798828
2024-01-24,190.9270477294922
2024-01-25,190.9270477294922
2024-01-26,186.85781860351562
2024-01-29,189.0512237548828
2024-01-30,187.17539978027344
2024-01-31,184.47579956054688
2024-02-01,186.16305541992188
2024-02-02,189.78567504882812
2024-02-05,193.48770141601562
2024-02-06,191.29428100585938
2024-02-07,195.15509033203125
2024-02-08,197.93408203125
2024-02-09,202.32095336914062
2024-02-12,201.536865234375
2024-02-13,197.80506896972656
2024-02-14,201.7750701904297
2024-02-15,201.1001739501953
2024-02-16,200.23667907714844
2024-02-20,196.2964630126953
2024-02-21,195.03599548339844
2024-02-22,208.35533142089844
2024-02-23,207.05516052246094
2024-02-26,208.77218627929688
2024-02-27,208.16676330566406
2024-02-28,205.854248046875
2024-02-29,210.3601837158203
2024-03-01,218.8857421875
2024-03-04,222.40911865234375
2024-03-05,219.00485229492188
2024-03-06,224.6521759033203
2024-03-07,232.41351318359375
2024-03-08,223.30238342285156
2024-03-11,219.32244873046875
2024-03-12,226.260009765625
2024-03-13,221.7838592529297
2024-03-14,217.81385803222656
2024-03-15,216.2060089111328
2024-03-18,216.6427001953125
2024-03-19,216.1663055419922
2024-03-20,219.63011169433594
2024-03-21,224.6124725341797
2024-03-22,225.9324951171875
2024-03-25,225.37669372558594
2024-03-26,223.2825164794922
2024-03-27,223.20310974121094
2024-03-28,223.30238342285156
2024-04-01,226.23023986816406
2024-04-02,223.3222198486328
2024-04-03,224.21546936035156
2024-04-04,218.24063110351562
2024-04-05,220.97000122070312
2024-04-08,221.3868408203125
2024-04-09,222.41905212402344
2024-04-10,220.48365783691406
2024-04-11,225.60496520996094
2024-04-12,219.02468872070312
2024-04-15,215.72959899902344
2024-04-16,217.51609802246094
2024-04-17,210.80679321289062
2024-04-18,207.06509399414062
2024-04-19,197.71575927734375
2024-04-22,201.49716186523438
2024-04-23,206.24131774902344
2024-04-24,206.47950744628906
2024-04-25,210.60830688476562
2024-04-26,216.0074920654297
2024-04-29,216.74195861816406
2024-04-30,212.484130859375
2024-05-01,206.2909393310547
2024-05-02,210.43959045410156
2024-05-03,216.09683227539062
2024-05-06,220.99977111816406
2024-05-07,219.07432556152344
2024-05-08,219.73928833007812
2024-05-09,218.32994079589844
2024-05-10,221.62506103515625
2024-05-13,221.58534240722656
2024-05-14,225.37669372558594
2024-05-15,232.14553833007812
2024-05-16,230.45828247070312
2024-05-17,228.52291870117188
2024-05-20,233.23728942871094
2024-05-21,232.90975952148438
2024-05-22,234.8153533935547
2024-05-23,238.02113342285156
2024-05-24,242.42782592773438
2024-05-28,247.95603942871094
2024-05-29,243.80738830566406
2024-05-30,240.4527587890625
2024-05-31,238.67617797851562
2024-06-03,241.65367126464844
2024-06-04,240.78028869628906
2024-06-05,252.50169372558594
2024-06-06,250.51670837402344
2024-06-07,250.3181915283203
2024-06-10,253.94081115722656
2024-06-11,253.5636749267578
2024-06-12,261.1165771484375
2024-06-13,265.2056884765625
2024-06-14,265.8805847167969
2024-06-17,270.4361572265625
2024-06-18,274.6840515136719
2024-06-20,266.9028625488281
2024-06-21,262.903076171875
2024-06-24,253.86141967773438
2024-06-25,259.8064880371094
2024-06-26,258.95294189453125
2024-06-27,256.9183044433594
2024-06-28,258.7445068359375
2024-07-01,259.0522155761719
2024-07-02,261.65252685546875
2024-07-03,267.5976257324219
2024-07-05,267.69683837890625
2024-07-08,272.1531677246094
2024-07-09,272.7486572265625
2024-07-10,279.1601867675781
2024-07-11,268.9870910644531
2024-07-12,272.3913879394531
2024-07-15,271.7760314941406
2024-07-16,271.65692138671875
2024-07-17,252.31312561035156
2024-07-18,253.6232147216797
2024-07-19,246.2787322998047
2024-07-22,255.786865234375
2024-07-23,252.9483184814453
2024-07-24,239.17242431640625
2024-07-25,234.78558349609375
2024-07-26,238.50746154785156
2024-07-29,236.81028747558594
2024-07-30,227.74876403808594
2024-07-31,245.13735961914062
2024-08-01,229.27720642089844
2024-08-02,216.7915802001953
2024-08-05,211.70997619628906
2024-08-06,215.828857421875
2024-08-07,209.88377380371094
2024-08-08,223.2229766845703
2024-08-09,223.16342163085938
2024-08-12,225.2576141357422
2024-08-13,234.41836547851562
2024-08-14,234.61685180664062
2024-08-15,244.52200317382812
2024-08-16,244.85946655273438
2024-08-19,249.4547119140625
2024-08-20,246.19932556152344
2024-08-21,248.75006103515625
2024-08-22,240.6016387939453
2024-08-23,246.52685546875
2024-08-26,240.75050354003906
2024-08-27,243.1721954345703
2024-08-28,239.08311462402344
2024-08-29,236.12545776367188
2024-08-30,241.6338348388672
2024-09-03,223.50086975097656
2024-09-04,222.9649200439453
2024-09-05,222.5778350830078
2024-09-06,213.38731384277344
2024-09-09,218.21084594726562
2024-09-10,220.27525329589844
2024-09-11,231.64927673339844
2024-09-12,232.14553833007812
2024-09-13,235.13296508789062
2024-09-16,232.04629516601562
2024-09-17,231.96688842773438
2024-09-18,229.32684326171875
2024-09-19,239.28160095214844
2024-09-20,236.11553955078125
2024-09-23,237.15765380859375
2024-09-24,241.5742645263672
2024-09-25,243.69821166992188
2024-09-26,250.72511291503906
2024-09-27,245.88172912597656
2024-09-30,243.60890197753906
2024-10-01,237.0881805419922
2024-10-02,240.50238037109375
2024-10-03,242.71566772460938
2024-10-04,245.9611358642578
2024-10-07,246.35813903808594
2024-10-08,250.62586975097656
2024-10-09,253.23614501953125
2024-10-10,252.73988342285156
2024-10-11,254.7646026611328
2024-10-14,259.3201599121094
2024-10-15,245.3060760498047
2024-10-16,245.4648895263672
2024-10-17,249.69293212890625
2024-10-18,249.62344360351562
2024-10-21,250.94346618652344
2024-10-22,249.80209350585938
2024-10-23,247.14219665527344
2024-10-24,248.184326171875
2024-10-25,251.0625762939453
2024-10-28,249.32571411132812
2024-10-29,254.99285888671875
2024-10-30,248.79965209960938
2024-10-31,239.86717224121094
2024-11-01,242.91415405273438
2024-11-04,242.43775939941406
2024-11-05,246.44744873046875
2024-11-06,252.89869689941406
2024-11-07,259.0621032714844
2024-11-08,257.39471435546875
2024-11-11,251.6282958984375
2024-11-12,249.9708251953125
2024-11-13,245.77256774902344
2024-11-14,246.31842041015625
2024-11-15,238.15016174316406
2024-11-18,239.7282257080078
2024-11-19,242.34841918945312
2024-11-20,240.72071838378906
2024-11-21,244.25404357910156
2024-11-22,242.7851104736328
2024-11-25,241.83233642578125
2024-11-26,239.609130859375
2024-11-27,236.46290588378906
2024-11-29,240.31381225585938
2024-12-02,246.0107421875
2024-12-03,246.55662536621094
2024-12-04,250.73504638671875
2024-12-05,246.43751525878906
2024-12-06,246.7451934814453
2024-12-09,244.22425842285156
2024-12-10,238.0806884765625
2024-12-11,243.9066619873047
2024-12-12,241.5445098876953
2024-12-13,247.61859130859375
2024-12-16,251.3503875732422
2024-12-17,248.0850830078125
2024-12-18,240.17486572265625
2024-12-19,237.0782470703125
2024-12-20,240.88946533203125
2024-12-23,248.44692993164062
2024-12-24,250.5902557373047
2024-12-26,250.15162658691406
2024-12-27,247.6294708251953
2024-12-30,243.9010772705078
2024-12-31,241.41879272460938
2025-01-02,244.03067016601562
2025-01-03,251.09869384765625
2025-01-06,259.42279052734375
2025-01-07,253.25196838378906
2025-01-08,251.4475860595703
2025-01-10,246.4132537841797
2025-01-13,243.88113403320312
2025-01-14,244.6786651611328
2025-01-15,250.43077087402344
2025-01-16,251.5074005126953
2025-01-17,257.44891357421875
2025-01-21,261.5760803222656
2025-01-22,266.3412780761719
2025-01-23,266.0222473144531
2025-01-24,260.71875
2025-01-27,235.07852172851562
2025-01-28,239.70413208007812
2025-01-29,238.7869873046875
2025-01-30,244.4095001220703
2025-01-31,242.8643035888672
2025-02-03,238.03932189941406
2025-02-04,240.72097778320312
2025-02-05,246.37338256835938
2025-02-06,247.5796356201172
2025-02-07,244.24002075195312
2025-02-10,248.84568786621094
2025-02-11,249.09490966796875
2025-02-12,247.7391357421875
2025-02-13,251.1385498046875
2025-02-14,251.7965087890625
2025-02-18,255.4252166748047
2025-02-19,256.541748046875
2025-02-20,257.00030517578125
2025-02-21,249.2145538330078
2025-02-24,242.6649169921875
2025-02-25,237.51095581054688
2025-02-26,243.06369018554688
2025-02-27,228.08029174804688
2025-02-28,232.04795837402344
2025-03-03,222.3182373046875
2025-03-04,224.53134155273438
2025-03-05,228.6884002685547
2025-03-06,219.09825134277344
2025-03-07,224.39178466796875
2025-03-10,213.86453247070312
2025-03-11,213.5554962158203
2025-03-12,219.83596801757812
2025-03-13,218.8689727783203
2025-03-14,225.86720275878906
2025-03-17,228.24978637695312
2025-03-18,224.72076416015625
2025-03-19,226.70458984375
2025-03-20,226.345703125
2025-03-21,224.07278442382812
2025-03-24,229.9145965576172
2025-03-25,228.93763732910156
2025-03-26,221.3213348388672
2025-03-27,217.07455444335938
2025-03-28,211.51185607910156
2025-03-31,210.81402587890625
2025-04-01,211.83087158203125
2025-04-02,213.4259033203125
2025-04-03,194.96336364746094
2025-04-04,180.23916625976562
2025-04-07,184.32644653320312
2025-04-08,179.3917999267578
2025-04-09,210.176025390625
2025-04-10,195.60137939453125
2025-04-11,200.685546875
2025-04-14,200.984619140625
2025-04-15,202.29055786132812
2025-04-16,193.7471466064453
2025-04-17,191.9327850341797
2025-04-21,187.2473602294922
2025-04-22,191.3047332763672
2025-04-23,198.29299926757812
2025-04-24,208.32179260253906
2025-04-25,211.31248474121094
2025-04-28,209.99656677246094
2025-04-29,209.63768005371094
2025-04-30,210.62461853027344
2025-05-01,211.64146423339844
2025-05-02,218.3505859375
2025-05-05,216.9349822998047
2025-05-06,214.92124938964844
2025-05-07,219.33750915527344
2025-05-08,221.2615203857422
2025-05-09,222.70701599121094
2025-05-12,236.67356872558594
2025-05-13,244.79827880859375
2025-05-14,247.2207489013672
2025-05-15,246.36341857910156
2025-05-16,245.65562438964844
2025-05-19,245.24688720703125
2025-05-20,244.77833557128906
2025-05-21,240.72097778320312
2025-05-22,240.06301879882812
2025-05-23,236.70347595214844
2025-05-27,244.21011352539062
2025-05-28,241.60821533203125
2025-05-29,243.3228759765625
2025-05-30,239.0063018798828
2025-06-02,242.54530334472656
2025-06-03,248.0182647705078
2025-06-04,250.96908569335938
2025-06-05,250.52047729492188
2025-06-06,251.946044921875
2025-06-09,256.16290283203125
2025-06-10,261.257080078125
2025-06-11,261.0676574707031
2025-06-12,262.3337097167969
2025-06-13,256.19281005859375
2025-06-16,262.5630187988281
2025-06-17,260.778564453125
2025-06-18,261.77545166015625
2025-06-20,259.462646484375
2025-06-23,261.1075439453125
2025-06-24,270.69769287109375
2025-06-25,274.3463439941406
2025-06-26,276.34014892578125
2025-06-27,277.5563659667969
2025-06-30,278.0149230957031
2025-07-01,274.9843444824219
2025-07-02,280.3775634765625
2025-07-03,282.740234375
2025-07-07,278.8922119140625
2025-07-08,282.6006774902344
2025-07-09,284.53466796875
2025-07-10,286.62811279296875
2025-07-11,286.59820556640625
2025-07-14,284.4349670410156
2025-07-15,289.89794921875
2025-07-16,288.3826599121094
2025-07-17,290.80511474609375
2025-07-18,289.40948486328125
2025-07-21,289.6088562011719
2025-07-22,284.48480224609375
2025-07-23,285.720947265625
2025-07-24,286.9072570800781
2025-07-25,286.59820556640625
2025-07-28,290.5060729980469
2025-07-29,291.9914245605469
2025-07-30,295.3410339355469
2025-07-31,287.88421630859375
2025-08-01,283.0692138671875
2025-08-04,289.28985595703125
2025-08-05,286.2094421386719
2025-08-06,285.7309265136719
2025-08-07,290.2169494628906
2025-08-08,292.6194763183594
2025-08-11,292.4898681640625
2025-08-12,299.1690979003906
2025-08-13,300.345458984375
2025-08-14,300.98345947265625
2025-08-15,294.73291015625
2025-08-18,295.93914794921875
2025-08-19,289.9677429199219
2025-08-20,288.06365966796875
2025-08-21,286.56829833984375
2025-08-22,292.7291564941406
2025-08-25,293.00830078125
2025-08-26,295.8294982910156
2025-08-27,296.7366638183594
2025-08-28,297.952880859375
2025-08-29,289.3895568847656
2025-09-02,285.59136962890625
2025-09-03,285.54150390625
2025-09-04,288.9608459472656
2025-09-05,292.3702697753906
2025-09-08,295.6001892089844
2025-09-09,296.8861999511719
2025-09-10,299.8968200683594
2025-09-11,302.9872131347656
2025-09-12,303.37603759765625
2025-09-15,306.2171936035156
2025-09-16,306.2570495605469
2025-09-17,304.3031311035156
2025-09-18,315.9867858886719
2025-09-19,314.7306823730469
2025-09-22,321.170654296875
2025-09-23,320.7021179199219
2025-09-24,320.1139221191406
2025-09-25,320.0640869140625
2025-09-26,320.8217468261719
2025-09-29,321.65911865234375
2025-09-30,325.3476257324219
2025-10-01,332.6549072265625
2025-10-02,337.1907958984375
2025-10-03,335.6356201171875
2025-10-06,342.3148498535156
2025-10-07,336.0044860839844
2025-10-08,344.99652099609375
2025-10-09,344.13916015625
2025-10-10,324.330810546875
2025-10-13,338.69610595703125
2025-10-14,332.46551513671875
2025-10-15,340.7198181152344
2025-10-16,342.2350769042969
2025-10-17,341.76654052734375
2025-10-20,346.1429443359375
2025-10-21,344.2288818359375
2025-10-22,337.5496826171875
2025-10-23,343.7304382324219
2025-10-24,350.0508117675781
2025-10-27,358.823486328125
2025-10-28,361.983642578125
2025-10-29,367.4665832519531
2025-10-30,362.60174560546875
2025-10-31,361.8939208984375
2025-11-03,364.9643859863281
2025-11-04,351.665771484375
2025-11-05,358.3848571777344
2025-11-06,350.0009460449219
2025-11-07,347.0401611328125
2025-11-10,357.67706298828125
2025-11-11,349.9610595703125
2025-11-12,354.4271545410156
2025-11-13,343.7503967285156
2025-11-14,343.909912109375
2025-11-17,339.244384765625
2025-11-18,332.25616455078125
2025-11-19,338.3870849609375
2025-11-20,324.091552734375
2025-11-21,325.1183776855469
2025-11-24,338.06805419921875
2025-11-25,338.955322265625
2025-11-26,346.63140869140625
2025-11-28,351.187255859375
2025-12-01,351.8651428222656
2025-12-02,358.3150634765625
2025-12-03,363.23974609375
2025-12-04,360.47833251953125
2025-12-05,363.28961181640625
2025-12-08,367.4067687988281
2025-12-09,367.8553771972656
2025-12-10,372.9395751953125
2025-12-11,369.7395324707031
2025-12-12,353.02154541015625
2025-12-15,351.8053283691406
2025-12-16,350.8482971191406
2025-12-17,338.18768310546875
2025-12-18,346.1728515625
2025-12-19,355.125
2025-12-22,359.70001220703125
2025-12-23,363.1600036621094
2025-12-24,364.1700134277344
2025-12-26,365.8599853515625
2025-12-29,364.2099914550781
2025-12-30,363.30999755859375
2025-12-31,360.1300048828125
2026-01-02,373.29998779296875
2026-01-05,377.5899963378906
2026-01-06,387.6199951171875
2026-01-07,385.0199890136719
2026-01-08,378.9800109863281
2026-01-09,389.2200012207031
2026-01-12,390.6600036621094
2026-01-13,391.5299987792969
2026-01-14,388.3500061035156
2026-01-15,396.4100036621094
2026-01-16,400.3900146484375
2026-01-20,390.3900146484375
2026-01-21,401.92999267578125
2026-01-22,402.82000732421875
2026-01-23,400.0899963378906
2026-01-26,398.82000732421875
2026-01-27,407.25
2026-01-28,416.6300048828125
2026-01-29,417.5199890136719
2026-01-30,403.4599914550781
2026-02-02,407.9700012207031
2026-02-03,397.67999267578125
2026-02-04,382.0199890136719
2026-02-05,381.07000732421875
2026-02-06,401.6499938964844
2026-02-09,406.6499938964844
2026-02-10,404.760009765625
2026-02-11,414.7799987792969
2026-02-12,406.1099853515625
2026-02-13,407.7200012207031
2026-02-17,407.510009765625
2026-02-18,412.54998779296875
2026-02-19,410.20001220703125
2026-02-20,415.0299987792969
2026-02-23,412.8800048828125
2026-02-24,419.1600036621094
2026-02-25,426.1600036621094
2026-02-26,412.010009765625
2026-02-27,406.3699951171875
2026-03-02,406.3900146484375
2026-03-03,391.05999755859375
2026-03-04,399.1000061035156
2026-03-05,395.3500061035156
2026-03-06,380.55999755859375
2026-03-09,394.3699951171875
2026-03-10,397.3299865722656
2026-03-11,401.0299987792969
2026-03-12,388.1300048828125
2026-03-13,387.3299865722656
2026-03-16,393.9200134277344
2026-03-17,396.8800048828125
2026-03-18,393.6700134277344
2026-03-19,394.9200134277344
2026-03-20,384.739990234375
2026-03-23,391.3599853515625
2026-03-24,394.5899963378906
2026-03-25,399.0199890136719
2026-03-26,380.8399963378906
2026-03-27,374.25
2026-03-30,362.5299987792969
2026-03-31,383.3999938964844
2026-04-01,391.9700012207031
2026-04-02,392.32000732421875
2026-04-06,395.9800109863281
2026-04-07,399.8999938964844
2026-04-08,422.9200134277344
2026-04-09,430.30999755859375
2026-04-10,436.8800048828125
2026-04-13,443.3399963378906
2026-04-14,452.0
2026-04-15,453.0
2026-04-16,454.79998779296875
2026-04-17,464.1600036621094
2026-04-20,463.9599914550781
2026-04-21,464.6600036621094
2026-04-22,476.8299865722656
2026-04-23,481.8500061035156
2026-04-24,506.44000244140625
2026-04-27,506.260009765625
2026-04-28,491.2099914550781
2026-04-29,499.5799865722656
2026-04-30,506.7200012207031
2026-05-01,509.82000732421875
2026-05-04,506.7900085449219
2026-05-05,522.6900024414062
2026-05-06,549.760009765625
2026-05-07,540.0999755859375
2026-05-08,566.5399780273438
2026-05-11,576.3099975585938
2026-05-12,561.25
2026-05-13,572.4600219726562
2026-05-14,578.3400268554688
2026-05-15,556.3400268554688
2026-05-18,546.1599731445312
2026-05-19,543.9600219726562
2026-05-20,564.6599731445312
2026-05-21,567.8800048828125
2026-05-22,576.3200073242188
2026-05-26,602.1400146484375
2026-05-27,595.5
2026-05-28,599.8300170898438
2026-05-29,598.9299926757812
2026-06-01,607.8099975585938
2026-06-02,632.2100219726562
2026-06-03,637.9000244140625
2026-06-04,627.530029296875
2026-06-05,569.6900024414062
2026-06-08,598.1599731445312
2026-06-09,591.010009765625
2026-06-10,570.9099731445312
2026-06-11,609.4500122070312
2026-06-12,619.9600219726562
2026-06-15,647.0999755859375
2026-06-16,616.0
2026-06-17,623.969970703125
2026-06-18,659.8800048828125
2026-06-22,668.9099731445312
2026-06-23,622.0499877929688
2026-06-24,618.9199829101562
2026-06-25,636.8800048828125
2026-06-26,611.6099853515625
2026-06-29,631.97998046875
2026-06-30,655.8900146484375
2026-07-01,620.4600219726562
2026-07-02,592.2899780273438
2026-07-06,604.2999877929688
2026-07-07,581.4500122070312
2026-07-08,593.0
2026-07-09,607.72998046875
2026-07-10,611.030029296875
2026-07-13,585.6199951171875
2026-07-14,600.3099975585938
2026-07-15,590.77001953125
2026-07-16,568.9199829101562
2026-07-17,556.530029296875
2026-07-20,558.8300170898438
2026-07-21,584.0800170898438
2026-07-22,586.9099731445312
2026-07-23,580.1699829101562
2026-07-24,561.1900024414062
2026-07-27,548.5499877929688
2026-07-28,529.5999755859375
2026-07-29,504.2200012207031
2026-07-30,538.9000244140625
2026-07-31,540.530029296875
2026-08-03,545.4600219726562
2026-08-04,575.7100219726562
2026-08-05,569.7000122070312
2026-08-06,571.47998046875
2026-08-07,582.7000122070312
2026-08-10,569.4099731445312
2026-08-11,572.9299926757812
2026-08-12,584.8300170898438
2026-08-13,589.1199951171875
2026-08-14,587.8200073242188
2026-08-17,
