Date,UNI
2023-01-01,5.246150016784668
2023-01-02,5.367020130157471
2023-01-03,5.381432056427002
2023-01-04,5.525949001312256
2023-01-05,5.371429920196533
2023-01-06,5.520927906036377
2023-01-07,5.418708801269531
2023-01-08,5.570155143737793
2023-01-09,5.797957897186279
2023-01-10,5.787434101104736
2023-01-11,5.922763824462891
2023-01-12,6.1733808517456055
2023-01-13,6.297109127044678
2023-01-14,6.629123210906982
2023-01-15,6.588706970214844
2023-01-16,6.541637897491455
2023-01-17,6.356420040130615
2023-01-18,6.059994220733643
2023-01-19,6.164858818054199
2023-01-20,6.676919937133789
2023-01-21,6.670947074890137
2023-01-22,6.894297122955322
2023-01-23,6.721675872802734
2023-01-24,6.296114921569824
2023-01-25,6.597597122192383
2023-01-26,6.762142181396484
2023-01-27,6.8550567626953125
2023-01-28,6.634676933288574
2023-01-29,6.923526763916016
2023-01-30,6.508924961090088
2023-01-31,6.568030834197998
2023-02-01,6.812750816345215
2023-02-02,7.1028032302856445
2023-02-03,7.071822166442871
2023-02-04,7.204174995422363
2023-02-05,6.899310111999512
2023-02-06,6.65249490737915
2023-02-07,6.9845290184021
2023-02-08,6.799746036529541
2023-02-09,6.317118167877197
2023-02-10,6.360616207122803
2023-02-11,6.48341178894043
2023-02-12,6.343625068664551
2023-02-13,6.254117965698242
2023-02-14,6.580979824066162
2023-02-15,6.931797027587891
2023-02-16,6.495246887207031
2023-02-17,6.732182025909424
2023-02-18,6.983601093292236
2023-02-19,7.1957879066467285
2023-02-20,7.349309921264648
2023-02-21,7.030326843261719
2023-02-22,6.932858943939209
2023-02-23,6.942907810211182
2023-02-24,6.571438789367676
2023-02-25,6.466003894805908
2023-02-26,6.606289863586426
2023-02-27,6.4445390701293945
2023-02-28,6.489455223083496
2023-03-01,6.842950820922852
2023-03-02,6.631043910980225
2023-03-03,6.267341136932373
2023-03-04,6.152784824371338
2023-03-05,6.352076053619385
2023-03-06,6.336324214935303
2023-03-07,6.423079013824463
2023-03-08,6.108942031860352
2023-03-09,5.732314109802246
2023-03-10,5.631404876708984
2023-03-11,5.476846218109131
2023-03-12,5.930506229400635
2023-03-13,6.114850997924805
2023-03-14,6.3377790451049805
2023-03-15,5.919717788696289
2023-03-16,5.926499843597412
2023-03-17,6.418095111846924
2023-03-18,6.494304180145264
2023-03-19,6.508674144744873
2023-03-20,6.187915802001953
2023-03-21,6.43923282623291
2023-03-22,6.083687782287598
2023-03-23,6.246809959411621
2023-03-24,5.891207218170166
2023-03-25,5.7214131355285645
2023-03-26,5.794036865234375
2023-03-27,5.6465840339660645
2023-03-28,5.8186211585998535
2023-03-29,5.947250843048096
2023-03-30,5.894627094268799
2023-03-31,6.06112813949585
2023-04-01,6.0608649253845215
2023-04-02,5.946134090423584
2023-04-03,5.93314790725708
2023-04-04,6.157148838043213
2023-04-05,6.229158878326416
2023-04-06,6.077089786529541
2023-04-07,6.008882999420166
2023-04-08,5.91909122467041
2023-04-09,5.920213222503662
2023-04-10,6.019568920135498
2023-04-11,5.944797992706299
2023-04-12,5.94625997543335
2023-04-13,6.20237922668457
2023-04-14,6.314966201782227
2023-04-15,6.2764787673950195
2023-04-16,6.319557189941406
2023-04-17,6.1281890869140625
2023-04-18,6.331723213195801
2023-04-19,5.845641136169434
2023-04-20,5.783297061920166
2023-04-21,5.4705810546875
2023-04-22,5.506019115447998
2023-04-23,5.42910099029541
2023-04-24,5.362220764160156
2023-04-25,5.454832077026367
2023-04-26,5.353363037109375
2023-04-27,5.560370922088623
2023-04-28,5.527419090270996
2023-04-29,5.631002902984619
2023-04-30,5.468202114105225
2023-05-01,5.331353187561035
2023-05-02,5.328495025634766
2023-05-03,5.388935089111328
2023-05-04,5.264341831207275
2023-05-05,5.553009033203125
2023-05-06,5.31070613861084
2023-05-07,5.2757110595703125
2023-05-08,4.9756269454956055
2023-05-09,4.957261085510254
2023-05-10,5.131017208099365
2023-05-11,5.071643829345703
2023-05-12,5.19805908203125
2023-05-13,5.106750011444092
2023-05-14,5.137308120727539
2023-05-15,5.128389835357666
2023-05-16,5.148324012756348
2023-05-17,5.328179836273193
2023-05-18,5.302555084228516
2023-05-19,5.317803859710693
2023-05-20,5.289841175079346
2023-05-21,5.11297082901001
2023-05-22,5.080048084259033
2023-05-23,5.075413227081299
2023-05-24,4.979650020599365
2023-05-25,4.9493842124938965
2023-05-26,4.97948694229126
2023-05-27,5.044288158416748
2023-05-28,5.148615837097168
2023-05-29,5.109202861785889
2023-05-30,5.136684894561768
2023-05-31,5.02158784866333
2023-06-01,4.988897800445557
2023-06-02,5.067017078399658
2023-06-03,5.08188009262085
2023-06-04,5.012393951416016
2023-06-05,4.733006000518799
2023-06-06,4.780002117156982
2023-06-07,4.542407035827637
2023-06-08,4.634866237640381
2023-06-09,4.587362766265869
2023-06-10,4.077157974243164
2023-06-11,4.056453227996826
2023-06-12,4.299116134643555
2023-06-13,4.285821914672852
2023-06-14,4.405703067779541
2023-06-15,4.429254055023193
2023-06-16,4.54660701751709
2023-06-17,4.524943828582764
2023-06-18,4.477954864501953
2023-06-19,4.480319976806641
2023-06-20,4.5715789794921875
2023-06-21,4.777976989746094
2023-06-22,4.72927713394165
2023-06-23,4.8639678955078125
2023-06-24,4.735225200653076
2023-06-25,5.439709186553955
2023-06-26,5.267045021057129
2023-06-27,5.273715019226074
2023-06-28,4.83485221862793
2023-06-29,4.924464225769043
2023-06-30,5.27671480178833
2023-07-01,5.582613945007324
2023-07-02,5.567735195159912
2023-07-03,5.525505065917969
2023-07-04,5.510703086853027
2023-07-05,5.421895980834961
2023-07-06,5.291825771331787
2023-07-07,5.47695779800415
2023-07-08,5.245427131652832
2023-07-09,5.230990886688232
2023-07-10,5.235662937164307
2023-07-11,5.259944915771484
2023-07-12,5.270122051239014
2023-07-13,5.84951114654541
2023-07-14,5.867281913757324
2023-07-15,5.807415008544922
2023-07-16,5.721014022827148
2023-07-17,5.914401054382324
2023-07-18,5.899724006652832
2023-07-19,5.880920886993408
2023-07-20,5.997769832611084
2023-07-21,6.2076239585876465
2023-07-22,5.997039794921875
2023-07-23,6.149814128875732
2023-07-24,5.782895088195801
2023-07-25,5.789177894592285
2023-07-26,5.836772918701172
2023-07-27,5.864932060241699
2023-07-28,6.0068511962890625
2023-07-29,6.33052921295166
2023-07-30,6.416740894317627
2023-07-31,6.525575160980225
2023-08-01,6.670193195343018
2023-08-02,6.153957843780518
2023-08-03,6.097562789916992
2023-08-04,6.055990219116211
2023-08-05,6.080817222595215
2023-08-06,5.9493489265441895
2023-08-07,5.86378288269043
2023-08-08,6.082577228546143
2023-08-09,6.251934051513672
2023-08-10,6.189978122711182
2023-08-11,6.1824469566345215
2023-08-12,6.214208126068115
2023-08-13,6.094913005828857
2023-08-14,6.257845878601074
2023-08-15,5.961573123931885
2023-08-16,5.446784019470215
2023-08-17,4.993922233581543
2023-08-18,4.910615921020508
2023-08-19,4.905425071716309
2023-08-20,4.905340194702148
2023-08-21,4.775172233581543
2023-08-22,4.6701788902282715
2023-08-23,4.76202392578125
2023-08-24,4.652462959289551
2023-08-25,4.549824237823486
2023-08-26,4.601426124572754
2023-08-27,4.682809829711914
2023-08-28,4.674887180328369
2023-08-29,4.802124977111816
2023-08-30,4.645558834075928
2023-08-31,4.367262840270996
2023-09-01,4.264906883239746
2023-09-02,4.391820907592773
2023-09-03,4.412590026855469
2023-09-04,4.435598850250244
2023-09-05,4.374063014984131
2023-09-06,4.455872058868408
2023-09-07,4.471881866455078
2023-09-08,4.367131233215332
2023-09-09,4.325852870941162
2023-09-10,4.221284866333008
2023-09-11,4.106139183044434
2023-09-12,4.197628974914551
2023-09-13,4.256443977355957
2023-09-14,4.272036075592041
2023-09-15,4.348985195159912
2023-09-16,4.340419769287109
2023-09-17,4.285694122314453
2023-09-18,4.363087177276611
2023-09-19,4.408918857574463
2023-09-20,4.367740154266357
2023-09-21,4.243982791900635
2023-09-22,4.259681224822998
2023-09-23,4.274878025054932
2023-09-24,4.232275009155273
2023-09-25,4.27008581161499
2023-09-26,4.254613876342773
2023-09-27,4.247224807739258
2023-09-28,4.416313171386719
2023-09-29,4.401975154876709
2023-09-30,4.459536075592041
2023-10-01,4.653102874755859
2023-10-02,4.4645891189575195
2023-10-03,4.361480236053467
2023-10-04,4.310655117034912
2023-10-05,4.3029398918151855
2023-10-06,4.393379211425781
2023-10-07,4.369304180145264
2023-10-08,4.342412948608398
2023-10-09,4.139949798583984
2023-10-10,4.117125988006592
2023-10-11,4.1231231689453125
2023-10-12,4.002319812774658
2023-10-13,4.0283942222595215
2023-10-14,4.086541175842285
2023-10-15,4.103588104248047
2023-10-16,4.130184173583984
2023-10-17,3.887598991394043
2023-10-18,3.935676097869873
2023-10-19,3.9294650554656982
2023-10-20,3.998684883117676
2023-10-21,4.139873027801514
2023-10-22,4.204259872436523
2023-10-23,4.368028163909912
2023-10-24,4.213825225830078
2023-10-25,4.167191028594971
2023-10-26,4.106663227081299
2023-10-27,4.0289530754089355
2023-10-28,4.082338809967041
2023-10-29,4.1537299156188965
2023-10-30,4.179482936859131
2023-10-31,4.146944046020508
2023-11-01,4.770596027374268
2023-11-02,4.695160865783691
2023-11-03,4.661306858062744
2023-11-04,4.713796138763428
2023-11-05,4.784180164337158
2023-11-06,5.11506986618042
2023-11-07,4.936863899230957
2023-11-08,5.190433979034424
2023-11-09,5.147253036499023
2023-11-10,5.286929130554199
2023-11-11,5.398281097412109
2023-11-12,5.412820816040039
2023-11-13,5.246035099029541
2023-11-14,5.052929878234863
2023-11-15,5.38339376449585
2023-11-16,5.206783771514893
2023-11-17,5.095816135406494
2023-11-18,5.064004898071289
2023-11-19,5.2415242195129395
2023-11-20,5.185031890869141
2023-11-21,4.881583213806152
2023-11-22,6.114483833312988
2023-11-23,6.355032920837402
2023-11-24,6.169690132141113
2023-11-25,6.175972938537598
2023-11-26,6.1722412109375
2023-11-27,6.291791915893555
2023-11-28,6.156300067901611
2023-11-29,6.02117395401001
2023-11-30,5.951752185821533
2023-12-01,6.018907070159912
2023-12-02,6.171487808227539
2023-12-03,6.06355619430542
2023-12-04,6.096073150634766
2023-12-05,6.259875774383545
2023-12-06,5.996006965637207
2023-12-07,6.287162780761719
2023-12-08,6.528605937957764
2023-12-09,6.831127166748047
2023-12-10,6.597230911254883
2023-12-11,6.1018781661987305
2023-12-12,6.231098175048828
2023-12-13,6.292986869812012
2023-12-14,6.357858180999756
2023-12-15,6.032073020935059
2023-12-16,6.153510093688965
2023-12-17,6.07070779800415
2023-12-18,5.9363508224487305
2023-12-19,5.83469820022583
2023-12-20,5.9201250076293945
2023-12-21,6.176539897918701
2023-12-22,6.41383695602417
2023-12-23,6.348168849945068
2023-12-24,6.863560199737549
2023-12-25,6.96827507019043
2023-12-26,7.361538887023926
2023-12-27,7.2480878829956055
2023-12-28,7.8398919105529785
2023-12-29,7.570669174194336
2023-12-30,7.382400035858154
2023-12-31,7.229169845581055
2024-01-01,7.602206230163574
2024-01-02,7.178284168243408
2024-01-03,6.431077003479004
2024-01-04,6.5368242263793945
2024-01-05,6.425006866455078
2024-01-06,6.309966087341309
2024-01-07,6.003040790557861
2024-01-08,6.227688789367676
2024-01-09,6.015432834625244
2024-01-10,6.556903839111328
2024-01-11,6.821934223175049
2024-01-12,6.599130153656006
2024-01-13,6.637123107910156
2024-01-14,6.320847988128662
2024-01-15,6.671494007110596
2024-01-16,6.824957847595215
2024-01-17,6.764327049255371
2024-01-18,6.308525085449219
2024-01-19,6.345337867736816
2024-01-20,6.479702949523926
2024-01-21,6.365719795227051
2024-01-22,6.034421920776367
2024-01-23,5.836124897003174
2024-01-24,5.864256858825684
2024-01-25,5.748012065887451
2024-01-26,5.951043128967285
2024-01-27,5.985330104827881
2024-01-28,5.940619945526123
2024-01-29,6.140395164489746
2024-01-30,6.2566142082214355
2024-01-31,5.9977288246154785
2024-02-01,6.04433012008667
2024-02-02,6.131737232208252
2024-02-03,6.106339931488037
2024-02-04,5.980871200561523
2024-02-05,5.997045993804932
2024-02-06,6.275889873504639
2024-02-07,6.391050815582275
2024-02-08,6.31751012802124
2024-02-09,6.649880886077881
2024-02-10,6.628986835479736
2024-02-11,6.6784539222717285
2024-02-12,6.836288928985596
2024-02-13,6.687158107757568
2024-02-14,6.885101795196533
2024-02-15,7.498691082000732
2024-02-16,7.449375152587891
2024-02-17,7.764502048492432
2024-02-18,7.64572811126709
2024-02-19,7.698410987854004
2024-02-20,7.555159091949463
2024-02-21,7.393539905548096
2024-02-22,7.346941947937012
2024-02-23,11.336981773376465
2024-02-24,11.252886772155762
2024-02-25,11.094219207763672
2024-02-26,10.592780113220215
2024-02-27,10.856444358825684
2024-02-28,10.934173583984375
2024-02-29,11.133665084838867
2024-03-01,11.60823917388916
2024-03-02,12.639854431152344
2024-03-03,12.624555587768555
2024-03-04,12.378145217895508
2024-03-05,13.121344566345215
2024-03-06,15.38644027709961
2024-03-07,14.908987045288086
2024-03-08,14.643575668334961
2024-03-09,14.220193862915039
2024-03-10,14.200188636779785
2024-03-11,14.432759284973145
2024-03-12,14.059793472290039
2024-03-13,14.216856002807617
2024-03-14,13.954874038696289
2024-03-15,13.05359172821045
2024-03-16,12.032231330871582
2024-03-17,12.534980773925781
2024-03-18,11.87051773071289
2024-03-19,10.630629539489746
2024-03-20,11.923258781433105
2024-03-21,12.188285827636719
2024-03-22,11.721641540527344
2024-03-23,11.633407592773438
2024-03-24,12.030710220336914
2024-03-25,12.433558464050293
2024-03-26,12.708931922912598
2024-03-27,12.246041297912598
2024-03-28,12.768259048461914
2024-03-29,12.658278465270996
2024-03-30,12.616868019104004
2024-03-31,12.96078109741211
2024-04-01,12.43184757232666
2024-04-02,11.308534622192383
2024-04-03,10.880270957946777
2024-04-04,10.977246284484863
2024-04-05,10.92966365814209
2024-04-06,11.249993324279785
2024-04-07,11.395590782165527
2024-04-08,11.629570007324219
2024-04-09,11.225678443908691
2024-04-10,10.02928352355957
2024-04-11,9.1688814163208
2024-04-12,7.939519882202148
2024-04-13,6.927135944366455
2024-04-14,7.519946098327637
2024-04-15,7.250547885894775
2024-04-16,7.190340042114258
2024-04-17,6.881411075592041
2024-04-18,7.295999050140381
2024-04-19,7.509613990783691
2024-04-20,7.8741559982299805
2024-04-21,7.7239460945129395
2024-04-22,8.213176727294922
2024-04-23,7.955467224121094
2024-04-24,7.709375858306885
2024-04-25,7.941324234008789
2024-04-26,7.694447994232178
2024-04-27,7.97634220123291
2024-04-28,7.831859111785889
2024-04-29,7.6996331214904785
2024-04-30,7.035046100616455
2024-05-01,7.038498878479004
2024-05-02,7.114447116851807
2024-05-03,7.591946125030518
2024-05-04,7.532739162445068
2024-05-05,7.594192981719971
2024-05-06,7.4829511642456055
2024-05-07,7.400197982788086
2024-05-08,7.332632064819336
2024-05-09,7.502199172973633
2024-05-10,7.108565807342529
2024-05-11,7.0301690101623535
2024-05-12,7.063773155212402
2024-05-13,6.999011993408203
2024-05-14,6.77999210357666
2024-05-15,7.370335102081299
2024-05-16,7.2924652099609375
2024-05-17,7.493467807769775
2024-05-18,7.865091800689697
2024-05-19,7.645794868469238
2024-05-20,9.33449935913086
2024-05-21,9.656010627746582
2024-05-22,9.311347961425781
2024-05-23,9.064936637878418
2024-05-24,10.19062328338623
2024-05-25,11.307535171508789
2024-05-26,11.159372329711914
2024-05-27,11.063911437988281
2024-05-28,11.120347023010254
2024-05-29,10.440950393676758
2024-05-30,10.762231826782227
2024-05-31,9.965570449829102
2024-06-01,9.885651588439941
2024-06-02,9.427128791809082
2024-06-03,9.497751235961914
2024-06-04,11.452070236206055
2024-06-05,11.163697242736816
2024-06-06,10.621923446655273
2024-06-07,9.817441940307617
2024-06-08,10.049839973449707
2024-06-09,9.81472110748291
2024-06-10,10.344155311584473
2024-06-11,8.984832763671875
2024-06-12,10.064897537231445
2024-06-13,10.15772533416748
2024-06-14,10.423931121826172
2024-06-15,11.513895988464355
2024-06-16,11.97724437713623
2024-06-17,10.605534553527832
2024-06-18,9.750197410583496
2024-06-19,9.951655387878418
2024-06-20,10.015434265136719
2024-06-21,9.792420387268066
2024-06-22,9.84459114074707
2024-06-23,9.769988059997559
2024-06-24,9.334004402160645
2024-06-25,9.49586009979248
2024-06-26,9.382193565368652
2024-06-27,9.487735748291016
2024-06-28,8.975143432617188
2024-06-29,8.843199729919434
2024-06-30,9.271943092346191
2024-07-01,9.143306732177734
2024-07-02,8.984027862548828
2024-07-03,8.518771171569824
2024-07-04,7.626293182373047
2024-07-05,7.770318031311035
2024-07-06,8.195320129394531
2024-07-07,7.646401882171631
2024-07-08,8.033622741699219
2024-07-09,8.178731918334961
2024-07-10,8.031846046447754
2024-07-11,7.8331990242004395
2024-07-12,8.111034393310547
2024-07-13,8.162177085876465
2024-07-14,8.412979125976562
2024-07-15,8.602293014526367
2024-07-16,8.18293285369873
2024-07-17,7.93137788772583
2024-07-18,7.837124824523926
2024-07-19,7.989017963409424
2024-07-20,8.0161714553833
2024-07-21,8.127771377563477
2024-07-22,7.812957763671875
2024-07-23,7.718260765075684
2024-07-24,7.425991058349609
2024-07-25,7.294120788574219
2024-07-26,7.682963848114014
2024-07-27,7.682273864746094
2024-07-28,7.532375812530518
2024-07-29,7.690299034118652
2024-07-30,7.391092777252197
2024-07-31,7.212071895599365
2024-08-01,7.192255973815918
2024-08-02,6.606782913208008
2024-08-03,6.629199028015137
2024-08-04,6.147510051727295
2024-08-05,5.371253967285156
2024-08-06,5.7841339111328125
2024-08-07,5.652373790740967
2024-08-08,6.290670871734619
2024-08-09,6.145476818084717
2024-08-10,6.188375949859619
2024-08-11,5.9111328125
2024-08-12,6.240120887756348
2024-08-13,6.348071098327637
2024-08-14,6.440561771392822
2024-08-15,6.213478088378906
2024-08-16,6.505556106567383
2024-08-17,6.41310977935791
2024-08-18,6.175498008728027
2024-08-19,6.200655937194824
2024-08-20,6.287988185882568
2024-08-21,7.097465991973877
2024-08-22,6.921049118041992
2024-08-23,7.0104660987854
2024-08-24,6.915110111236572
2024-08-25,6.632687091827393
2024-08-26,6.313497066497803
2024-08-27,5.72199010848999
2024-08-28,5.767829895019531
2024-08-29,5.832662105560303
2024-08-30,5.8934431076049805
2024-08-31,5.943284034729004
2024-09-01,5.614863872528076
2024-09-02,6.104939937591553
2024-09-03,6.045368194580078
2024-09-04,6.436295986175537
2024-09-05,6.305077075958252
2024-09-06,6.174666881561279
2024-09-07,6.426064968109131
2024-09-08,6.346255779266357
2024-09-09,6.728198051452637
2024-09-10,6.707687854766846
2024-09-11,6.7633748054504395
2024-09-12,6.796049118041992
2024-09-13,6.938796043395996
2024-09-14,6.671037197113037
2024-09-15,6.536613941192627
2024-09-16,6.412881851196289
2024-09-17,6.783508777618408
2024-09-18,6.748069763183594
2024-09-19,6.8016510009765625
2024-09-20,6.81582498550415
2024-09-21,6.905782222747803
2024-09-22,6.635756969451904
2024-09-23,6.831623077392578
2024-09-24,6.932416915893555
2024-09-25,6.777139186859131
2024-09-26,7.3555908203125
2024-09-27,7.628108978271484
2024-09-28,7.611082077026367
2024-09-29,7.4534912109375
2024-09-30,7.397496223449707
2024-10-01,6.887832164764404
2024-10-02,6.683506965637207
2024-10-03,6.557758808135986
2024-10-04,6.714365005493164
2024-10-05,6.8275861740112305
2024-10-06,7.077754974365234
2024-10-07,7.237894058227539
2024-10-08,7.174631118774414
2024-10-09,7.287250995635986
2024-10-10,8.114425659179688
2024-10-11,7.8781938552856445
2024-10-12,8.135300636291504
2024-10-13,7.682412147521973
2024-10-14,8.125584602355957
2024-10-15,7.84096622467041
2024-10-16,7.573753833770752
2024-10-17,7.342866897583008
2024-10-18,7.460996150970459
2024-10-19,7.322347164154053
2024-10-20,7.753129005432129
2024-10-21,7.79384183883667
2024-10-22,7.994322776794434
2024-10-23,7.80092191696167
2024-10-24,8.028156280517578
2024-10-25,7.399794101715088
2024-10-26,7.432119846343994
2024-10-27,7.529079914093018
2024-10-28,7.7787909507751465
2024-10-29,7.927602767944336
2024-10-30,8.123023986816406
2024-10-31,7.60907506942749
2024-11-01,7.553597927093506
2024-11-02,7.386157035827637
2024-11-03,7.05214786529541
2024-11-04,6.778767108917236
2024-11-05,7.192183017730713
2024-11-06,9.323620796203613
2024-11-07,8.908077239990234
2024-11-08,8.858980178833008
2024-11-09,9.24310302734375
2024-11-10,9.219017028808594
2024-11-11,9.352648735046387
2024-11-12,8.97850227355957
2024-11-13,8.626625061035156
2024-11-14,8.165166854858398
2024-11-15,8.530224800109863
2024-11-16,9.067270278930664
2024-11-17,8.745216369628906
2024-11-18,9.240352630615234
2024-11-19,9.411882400512695
2024-11-20,8.813888549804688
2024-11-21,9.276982307434082
2024-11-22,9.885475158691406
2024-11-23,10.733562469482422
2024-11-24,10.903543472290039
2024-11-25,11.143644332885742
2024-11-26,10.870163917541504
2024-11-27,13.543206214904785
2024-11-28,12.78201961517334
2024-11-29,12.593395233154297
2024-11-30,12.787084579467773
2024-12-01,13.035041809082031
2024-12-02,13.95971393585205
2024-12-03,15.153656959533691
2024-12-04,15.657073020935059
2024-12-05,15.041376113891602
2024-12-06,17.594526290893555
2024-12-07,18.08997344970703
2024-12-08,18.52447509765625
2024-12-09,16.093639373779297
2024-12-10,15.254734992980957
2024-12-11,17.13766098022461
2024-12-12,17.679183959960938
2024-12-13,17.483976364135742
2024-12-14,16.762767791748047
2024-12-15,17.068098068237305
2024-12-16,16.259855270385742
2024-12-17,16.27008056640625
2024-12-18,14.813124656677246
2024-12-19,12.785090446472168
2024-12-20,13.690705299377441
2024-12-21,13.39458179473877
2024-12-22,13.860162734985352
2024-12-23,14.2666015625
2024-12-24,14.593400001525879
2024-12-25,13.887928009033203
2024-12-26,13.233457565307617
2024-12-27,13.316384315490723
2024-12-28,13.563521385192871
2024-12-29,13.001215934753418
2024-12-30,13.317093849182129
2024-12-31,13.214881896972656
2025-01-01,13.60094165802002
2025-01-02,14.347902297973633
2025-01-03,15.183760643005371
2025-01-04,15.287259101867676
2025-01-05,15.153883934020996
2025-01-06,15.068735122680664
2025-01-07,13.547607421875
2025-01-08,13.108064651489258
2025-01-09,12.878040313720703
2025-01-10,13.945709228515625
2025-01-11,13.638275146484375
2025-01-12,13.636017799377441
2025-01-13,12.89539909362793
2025-01-14,13.302140235900879
2025-01-15,14.545425415039062
2025-01-16,14.115222930908203
2025-01-17,14.99921703338623
2025-01-18,14.186046600341797
2025-01-19,13.271313667297363
2025-01-20,13.516714096069336
2025-01-21,13.49235725402832
2025-01-22,12.875225067138672
2025-01-23,12.808562278747559
2025-01-24,12.465415954589844
2025-01-25,12.08508014678955
2025-01-26,11.445272445678711
2025-01-27,10.981979370117188
2025-01-28,11.164925575256348
2025-01-29,11.728251457214355
2025-01-30,11.97138786315918
2025-01-31,11.763657569885254
2025-02-01,10.882882118225098
2025-02-02,9.171449661254883
2025-02-03,9.972039222717285
2025-02-04,9.08768081665039
2025-02-05,9.275433540344238
2025-02-06,8.973156929016113
2025-02-07,9.010576248168945
2025-02-08,9.140314102172852
2025-02-09,9.14113712310791
2025-02-10,9.459663391113281
2025-02-11,9.369491577148438
2025-02-12,9.944417953491211
2025-02-13,9.868480682373047
2025-02-14,10.059575080871582
2025-02-15,9.810310363769531
2025-02-16,9.591455459594727
2025-02-17,9.91128158569336
2025-02-18,9.60888385772705
2025-02-19,9.442071914672852
2025-02-20,9.345784187316895
2025-02-21,8.728940963745117
2025-02-22,9.042298316955566
2025-02-23,9.025238990783691
2025-02-24,7.969009876251221
2025-02-25,8.315350532531738
2025-02-26,7.877889156341553
2025-02-27,7.866170883178711
2025-02-28,7.5005412101745605
2025-03-01,7.490476131439209
2025-03-02,8.255791664123535
2025-03-03,7.139338970184326
2025-03-04,7.069049835205078
2025-03-05,7.5337300300598145
2025-03-06,7.106020927429199
2025-03-07,7.066160202026367
2025-03-08,7.15319299697876
2025-03-09,6.388701915740967
2025-03-10,5.927022933959961
2025-03-11,6.094141960144043
2025-03-12,5.912134170532227
2025-03-13,5.89185094833374
2025-03-14,6.030016899108887
2025-03-15,6.280249118804932
2025-03-16,6.141098976135254
2025-03-17,6.299763202667236
2025-03-18,6.362802982330322
2025-03-19,6.991599082946777
2025-03-20,6.893095970153809
2025-03-21,6.78083610534668
2025-03-22,6.737821102142334
2025-03-23,6.674307823181152
2025-03-24,7.070619106292725
2025-03-25,6.967297077178955
2025-03-26,6.721818923950195
2025-03-27,6.721971035003662
2025-03-28,6.172399044036865
2025-03-29,5.954794883728027
2025-03-30,5.866493225097656
2025-03-31,5.970348834991455
2025-04-01,6.268177032470703
2025-04-02,5.840697765350342
2025-04-03,5.861906051635742
2025-04-04,5.904574871063232
2025-04-05,5.862364768981934
2025-04-06,5.0906171798706055
2025-04-07,5.11978816986084
2025-04-08,4.768828868865967
2025-04-09,5.409849166870117
2025-04-10,5.022477149963379
2025-04-11,5.235951900482178
2025-04-12,5.5027689933776855
2025-04-13,5.334657192230225
2025-04-14,5.342685222625732
2025-04-15,5.180448055267334
2025-04-16,5.152651786804199
2025-04-17,5.177646160125732
2025-04-18,5.174495220184326
2025-04-19,5.320525169372559
2025-04-20,5.250769138336182
2025-04-21,5.276362895965576
2025-04-22,5.816525936126709
2025-04-23,6.035572052001953
2025-04-24,5.813218116760254
2025-04-25,5.832589149475098
2025-04-26,5.820488929748535
2025-04-27,5.509651184082031
2025-04-28,5.436172008514404
2025-04-29,5.278349876403809
2025-04-30,5.271516799926758
2025-05-01,5.316291809082031
2025-05-02,5.24976110458374
2025-05-03,5.093142032623291
2025-05-04,4.983465194702148
2025-05-05,4.974668025970459
2025-05-06,4.965404033660889
2025-05-07,4.874434947967529
2025-05-08,6.134928226470947
2025-05-09,6.363266944885254
2025-05-10,7.506056785583496
2025-05-11,6.9202728271484375
2025-05-12,6.892502784729004
2025-05-13,7.1008172035217285
2025-05-14,6.608974933624268
2025-05-15,6.210821151733398
2025-05-16,6.072588920593262
2025-05-17,5.725893974304199
2025-05-18,6.15459680557251
2025-05-19,5.936069011688232
2025-05-20,6.016921043395996
2025-05-21,6.219956874847412
2025-05-22,6.426018238067627
2025-05-23,5.971063137054443
2025-05-24,6.122045040130615
2025-05-25,6.164323806762695
2025-05-26,6.499223232269287
2025-05-27,6.331002235412598
2025-05-28,6.793813228607178
2025-05-29,6.5573649406433105
2025-05-30,6.20506477355957
2025-05-31,6.057034969329834
2025-06-01,6.303418159484863
2025-06-02,6.456493854522705
2025-06-03,6.634066104888916
2025-06-04,6.316042900085449
2025-06-05,5.912880897521973
2025-06-06,5.997312068939209
2025-06-07,6.354870796203613
2025-06-08,6.322178840637207
2025-06-09,6.853747844696045
2025-06-10,8.62324333190918
2025-06-11,8.159637451171875
2025-06-12,7.520351886749268
2025-06-13,7.756872177124023
2025-06-14,7.30226993560791
2025-06-15,7.176888942718506
2025-06-16,7.466769218444824
2025-06-17,7.440849781036377
2025-06-18,7.566547870635986
2025-06-19,7.687158107757568
2025-06-20,7.066379070281982
2025-06-21,6.4517998695373535
2025-06-22,6.258985996246338
2025-06-23,6.816643238067627
2025-06-24,7.047794818878174
2025-06-25,6.977232933044434
2025-06-26,6.801607131958008
2025-06-27,6.9166131019592285
2025-06-28,7.131249904632568
2025-06-29,7.396646976470947
2025-06-30,7.131622791290283
2025-07-01,6.612183094024658
2025-07-02,7.349850177764893
2025-07-03,7.465548992156982
2025-07-04,6.929603099822998
2025-07-05,7.29394006729126
2025-07-06,7.421143054962158
2025-07-07,7.388378143310547
2025-07-08,7.661921977996826
2025-07-09,8.306946754455566
2025-07-10,8.480106353759766
2025-07-11,8.710604667663574
2025-07-12,8.389598846435547
2025-07-13,8.516244888305664
2025-07-14,9.133049011230469
2025-07-15,9.33263111114502
2025-07-16,8.907712936401367
2025-07-17,8.937321662902832
2025-07-18,10.127882957458496
2025-07-19,10.16681957244873
2025-07-20,10.669997215270996
2025-07-21,10.85665225982666
2025-07-22,10.766889572143555
2025-07-23,10.178064346313477
2025-07-24,10.148605346679688
2025-07-25,10.42853832244873
2025-07-26,10.533500671386719
2025-07-27,10.990009307861328
2025-07-28,10.411033630371094
2025-07-29,10.291668891906738
2025-07-30,10.000650405883789
2025-07-31,9.353306770324707
2025-08-01,9.055882453918457
2025-08-02,8.77120304107666
2025-08-03,9.149679183959961
2025-08-04,9.944833755493164
2025-08-05,9.578978538513184
2025-08-06,9.704408645629883
2025-08-07,10.426547050476074
2025-08-08,10.872289657592773
2025-08-09,10.986346244812012
2025-08-10,10.948805809020996
2025-08-11,11.115455627441406
2025-08-12,11.577966690063477
2025-08-13,12.150450706481934
2025-08-14,10.891854286193848
2025-08-15,10.721159934997559
2025-08-16,11.017560958862305
2025-08-17,11.022339820861816
2025-08-18,10.484930038452148
2025-08-19,9.935735702514648
2025-08-20,10.591812133789062
2025-08-21,10.213533401489258
2025-08-22,11.432206153869629
2025-08-23,11.332342147827148
2025-08-24,10.92659854888916
2025-08-25,9.707367897033691
2025-08-26,9.952046394348145
2025-08-27,9.839969635009766
2025-08-28,10.007455825805664
2025-08-29,9.634347915649414
2025-08-30,9.724471092224121
2025-08-31,9.621365547180176
2025-09-01,9.333785057067871
2025-09-02,9.578178405761719
2025-09-03,9.678833961486816
2025-09-04,9.294519424438477
2025-09-05,9.401692390441895
2025-09-06,9.334792137145996
2025-09-07,9.394857406616211
2025-09-08,9.555814743041992
2025-09-09,9.53940486907959
2025-09-10,9.736857414245605
2025-09-11,9.990044593811035
2025-09-12,10.187394142150879
2025-09-13,10.121440887451172
2025-09-14,9.42172622680664
2025-09-15,9.165486335754395
2025-09-16,9.327974319458008
2025-09-17,9.553778648376465
2025-09-18,9.617518424987793
2025-09-19,9.159957885742188
2025-09-20,9.190606117248535
2025-09-21,9.059588432312012
2025-09-22,8.233957290649414
2025-09-23,8.067132949829102
2025-09-24,7.915497779846191
2025-09-25,7.4388837814331055
2025-09-26,7.624073028564453
2025-09-27,7.61998987197876
2025-09-28,7.749124050140381
2025-09-29,7.755978107452393
2025-09-30,7.634397029876709
2025-10-01,8.061148643493652
2025-10-02,8.355866432189941
2025-10-03,8.17739486694336
2025-10-04,8.021794319152832
2025-10-05,8.060638427734375
2025-10-06,8.34765911102295
2025-10-07,7.770949840545654
2025-10-08,8.07464599609375
2025-10-09,7.861563205718994
2025-10-10,5.810801982879639
2025-10-11,5.855639934539795
2025-10-12,6.631429195404053
2025-10-13,7.064295768737793
2025-10-14,6.828597068786621
2025-10-15,6.58184814453125
2025-10-16,6.275798797607422
2025-10-17,6.136195182800293
2025-10-18,6.0275750160217285
2025-10-19,6.25875186920166
2025-10-20,6.337841987609863
2025-10-21,6.259850025177002
2025-10-22,6.041402816772461
2025-10-23,6.311180114746094
2025-10-24,6.243206024169922
2025-10-25,6.250648021697998
2025-10-26,6.662610054016113
2025-10-27,6.51637601852417
2025-10-28,6.356197834014893
2025-10-29,6.2957868576049805
2025-10-30,5.840747833251953
2025-10-31,5.742857933044434
2025-11-01,5.861264228820801
2025-11-02,5.869320869445801
2025-11-03,5.196170806884766
2025-11-04,5.082610130310059
2025-11-05,5.355745792388916
2025-11-06,5.244760990142822
2025-11-07,5.864739894866943
2025-11-08,6.015263080596924
2025-11-09,6.567537784576416
2025-11-10,9.25904655456543
2025-11-11,8.220189094543457
2025-11-12,7.564602851867676
2025-11-13,7.754570007324219
2025-11-14,6.9736480712890625
2025-11-15,7.355782985687256
2025-11-16,7.183749198913574
2025-11-17,7.404909133911133
2025-11-18,7.497844219207764
2025-11-19,7.202415943145752
2025-11-20,6.567678928375244
2025-11-21,6.431889057159424
2025-11-22,6.16935920715332
2025-11-23,6.1312150955200195
2025-11-24,6.295303821563721
2025-11-25,6.222997188568115
2025-11-26,6.301433086395264
2025-11-27,6.140358924865723
2025-11-28,6.131255149841309
2025-11-29,6.066516876220703
2025-11-30,6.058867931365967
2025-12-01,5.603556156158447
2025-12-02,5.923908233642578
2025-12-03,6.1216721534729
2025-12-04,5.9594550132751465
2025-12-05,5.496591091156006
2025-12-06,5.56292200088501
2025-12-07,5.450757026672363
2025-12-08,5.616031169891357
2025-12-09,5.75470495223999
2025-12-10,5.610912799835205
2025-12-11,5.549811840057373
2025-12-12,5.420561790466309
2025-12-13,5.506292819976807
2025-12-14,5.314080238342285
2025-12-15,5.076772212982178
2025-12-16,5.197467803955078
2025-12-17,4.95438814163208
2025-12-18,4.955859184265137
2025-12-19,5.313479900360107
2025-12-20,6.251634120941162
2025-12-21,6.123446941375732
2025-12-22,6.002378940582275
2025-12-23,5.805047035217285
2025-12-24,5.7742180824279785
2025-12-25,5.807712078094482
2025-12-26,5.826952934265137
2025-12-27,5.962522983551025
2025-12-28,6.207776069641113
2025-12-29,5.986337184906006
2025-12-30,5.916811943054199
2025-12-31,5.624205112457275
2026-01-01,5.799962997436523
2026-01-02,6.032463073730469
2026-01-03,5.920648097991943
2026-01-04,5.835484981536865
2026-01-05,6.169741153717041
2026-01-06,6.067598819732666
2026-01-07,5.7219557762146
2026-01-08,5.4853129386901855
2026-01-09,5.458104133605957
2026-01-10,5.470202922821045
2026-01-11,5.442406177520752
2026-01-12,5.3599090576171875
2026-01-13,5.716320991516113
2026-01-14,5.682470798492432
2026-01-15,5.3488688468933105
2026-01-16,5.312870979309082
2026-01-17,5.3481879234313965
2026-01-18,5.105416774749756
2026-01-19,5.020580768585205
2026-01-20,4.796899795532227
2026-01-21,4.931849002838135
2026-01-22,4.831900119781494
2026-01-23,4.8688812255859375
2026-01-24,4.849302768707275
2026-01-25,4.630765914916992
2026-01-26,4.71047306060791
2026-01-27,4.795924186706543
2026-01-28,4.817267894744873
2026-01-29,4.39137601852417
2026-01-30,4.268237113952637
2026-01-31,3.9491848945617676
2026-02-01,3.8426830768585205
2026-02-02,3.9249210357666016
2026-02-03,3.845125913619995
2026-02-04,3.795922040939331
2026-02-05,3.161808967590332
2026-02-06,3.55098295211792
2026-02-07,3.5415709018707275
2026-02-08,3.469573974609375
2026-02-09,3.492155075073242
2026-02-10,3.361008882522583
2026-02-11,3.3573780059814453
2026-02-12,3.2448840141296387
2026-02-13,3.396013021469116
2026-02-14,3.627803087234497
2026-02-15,3.4728379249572754
2026-02-16,3.5999670028686523
2026-02-17,3.523777961730957
2026-02-18,3.4019060134887695
2026-02-19,3.3860929012298584
2026-02-20,3.4906699657440186
2026-02-21,3.6111180782318115
2026-02-22,3.486557960510254
2026-02-23,3.342484951019287
2026-02-24,3.339690923690796
2026-02-25,4.039460182189941
2026-02-26,3.8767080307006836
2026-02-27,3.745630979537964
2026-02-28,3.8136730194091797
2026-03-01,3.7455620765686035
2026-03-02,3.923685073852539
2026-03-03,3.9127650260925293
2026-03-04,3.9767630100250244
2026-03-05,3.9757680892944336
2026-03-06,3.848268985748291
2026-03-07,3.7676949501037598
2026-03-08,3.6612789630889893
2026-03-09,3.856220006942749
2026-03-10,3.8429079055786133
2026-03-11,3.895328998565674
2026-03-12,3.9200069904327393
2026-03-13,4.00273323059082
2026-03-14,3.9473071098327637
2026-03-15,4.056077003479004
2026-03-16,4.155101776123047
2026-03-17,3.95713210105896
2026-03-18,3.6808719635009766
2026-03-19,3.579629898071289
2026-03-20,3.6076769828796387
2026-03-21,3.4809470176696777
2026-03-22,3.4711010456085205
2026-03-23,3.585334062576294
2026-03-24,3.6089770793914795
2026-03-25,3.703670024871826
2026-03-26,3.527698040008545
2026-03-27,3.3869500160217285
2026-03-28,3.379664897918701
2026-03-29,3.349579095840454
2026-03-30,3.4748029708862305
2026-03-31,3.5402450561523438
2026-04-01,3.5662100315093994
2026-04-02,3.1738619804382324
2026-04-03,3.1697499752044678
2026-04-04,3.1237070560455322
2026-04-05,3.13926100730896
2026-04-06,3.0977330207824707
2026-04-07,3.2885630130767822
2026-04-08,3.1185340881347656
2026-04-09,3.1033120155334473
2026-04-10,3.1657230854034424
2026-04-11,3.1508309841156006
2026-04-12,3.0187790393829346
2026-04-13,3.2410809993743896
2026-04-14,3.130708932876587
2026-04-15,3.2227649688720703
2026-04-16,3.427090883255005
2026-04-17,3.461366891860962
2026-04-18,3.352972984313965
2026-04-19,3.2319910526275635
2026-04-20,3.2344489097595215
2026-04-21,3.271815061569214
2026-04-22,3.3201260566711426
2026-04-23,3.2963030338287354
2026-04-24,3.2527360916137695
2026-04-25,3.2587640285491943
2026-04-26,3.287558078765869
2026-04-27,3.249798059463501
2026-04-28,3.2416110038757324
2026-04-29,3.1918959617614746
2026-04-30,3.1865808963775635
2026-05-01,3.202786922454834
2026-05-02,3.253477096557617
2026-05-03,3.2347469329833984
2026-05-04,3.271181106567383
2026-05-05,3.359389066696167
2026-05-06,3.4706499576568604
2026-05-07,3.4352049827575684
2026-05-08,3.703950881958008
2026-05-09,3.802838087081909
2026-05-10,3.9948439598083496
2026-05-11,3.8970770835876465
2026-05-12,3.762593984603882
2026-05-13,3.6239418983459473
2026-05-14,3.727447032928467
2026-05-15,3.6012260913848877
2026-05-16,3.48826003074646
2026-05-17,3.4649810791015625
2026-05-18,3.5392510890960693
2026-05-19,3.4499669075012207
2026-05-20,3.614912986755371
2026-05-21,3.6006131172180176
2026-05-22,3.399383068084717
2026-05-23,3.461400032043457
2026-05-24,3.384291887283325
2026-05-25,3.3256189823150635
2026-05-26,3.2446041107177734
2026-05-27,3.0879979133605957
2026-05-28,3.047286033630371
2026-05-29,3.017332077026367
2026-05-30,3.04742693901062
2026-05-31,3.0196409225463867
2026-06-01,2.976938009262085
2026-06-02,2.795212984085083
2026-06-03,2.800755023956299
2026-06-04,2.6470839977264404
2026-06-05,2.455919027328491
2026-06-06,2.4653680324554443
2026-06-07,2.565509080886841
2026-06-08,2.513474941253662
2026-06-09,2.478037118911743
2026-06-10,2.395975112915039
2026-06-11,2.4967219829559326
2026-06-12,2.497612953186035
2026-06-13,2.556596040725708
2026-06-14,2.587346076965332
2026-06-15,2.842582941055298
2026-06-16,3.2868900299072266
2026-06-17,3.2223150730133057
2026-06-18,3.204853057861328
2026-06-19,3.0812160968780518
2026-06-20,3.003248929977417
2026-06-21,2.9824230670928955
2026-06-22,2.978243112564087
2026-06-23,2.9188361167907715
2026-06-24,2.91908597946167
2026-06-25,2.8815860748291016
2026-06-26,2.9587020874023438
2026-06-27,2.9210450649261475
2026-06-28,2.9210000038146973
2026-06-29,2.8930530548095703
2026-06-30,2.7767388820648193
2026-07-01,2.7884271144866943
2026-07-02,3.1746039390563965
2026-07-03,3.2085540294647217
2026-07-04,3.215277910232544
2026-07-05,3.1714749336242676
2026-07-06,3.1761560440063477
2026-07-07,3.189889907836914
2026-07-08,3.2779970169067383
2026-07-09,3.3967840671539307
2026-07-10,3.525930881500244
2026-07-11,3.663877010345459
2026-07-12,3.5912959575653076
2026-07-13,3.5502259731292725
2026-07-14,3.6662960052490234
2026-07-15,3.610621929168701
2026-07-16,3.5406689643859863
2026-07-17,3.6365559101104736
2026-07-18,3.566693067550659
2026-07-19,3.507581949234009
2026-07-20,3.6299219131469727
2026-07-21,3.71589994430542
2026-07-22,3.777337074279785
2026-07-23,3.75341796875
2026-07-24,3.7778289318084717
2026-07-25,3.6667330265045166
2026-07-26,3.877732992172241
2026-07-27,3.699068069458008
2026-07-28,3.8853559494018555
2026-07-29,3.987565040588379
2026-07-30,4.434454917907715
2026-07-31,4.3487229347229
2026-08-01,4.083086967468262
2026-08-02,4.165390968322754
2026-08-03,3.902168035507202
2026-08-04,3.851339101791382
2026-08-05,4.0393829345703125
2026-08-06,4.013195991516113
2026-08-07,3.976785898208618
2026-08-08,4.002923011779785
2026-08-09,3.986246109008789
2026-08-10,3.9419219493865967
2026-08-11,3.749356985092163
2026-08-12,3.5710840225219727
2026-08-13,3.467808961868286
2026-08-14,3.2007319927215576
2026-08-15,3.233691930770874
2026-08-16,3.2719030380249023
2026-08-17,3.283569097518921
